,Unnamed: 0.1,Unnamed: 0,director_name,id,gender
0,0,0,James Cameron,4762,Male
1,1,1,Gore Verbinski,4763,Male
2,2,2,Sam Mendes,4764,Male
3,3,3,Christopher Nolan,4765,Male
4,4,4,Andrew Stanton,4766,Male
5,5,5,Sam Raimi,4767,Male
6,6,6,Byron Howard,4768,Male
7,7,7,Joss Whedon,4769,Male
8,8,8,David Yates,4770,Male
9,9,9,Zack Snyder,4771,Male
10,10,10,Bryan Singer,4772,Male
11,11,11,Marc Forster,4773,Male
12,12,12,Andrew Adamson,4774,Male
13,13,13,Rob Marshall,4775,Male
14,14,14,Barry Sonnenfeld,4776,Male
15,15,15,Peter Jackson,4777,Male
16,16,16,Marc Webb,4778,Male
17,17,17,Ridley Scott,4779,Male
18,18,18,Chris Weitz,4780,Male
19,19,19,Anthony Russo,4781,Male
20,20,20,Peter Berg,4782,Male
21,21,21,Colin Trevorrow,4783,Male
22,22,22,Shane Black,4784,Male
23,23,23,Tim Burton,4785,Male
24,24,24,Brett Ratner,4786,Male
25,25,25,Dan Scanlon,4787,Male
26,26,26,Michael Bay,4788,Male
27,27,27,Joseph Kosinski,4789,Male
28,28,28,John Lasseter,4790,Male
29,29,29,Martin Campbell,4791,Male
30,30,30,Lee Unkrich,4792,Male
31,31,31,McG,4793,Male
32,32,32,James Wan,4794,Male
33,33,33,J.J. Abrams,4795,Male
34,34,34,Baz Luhrmann,4796,Male
35,35,35,Mike Newell,4797,Male
36,36,36,Guillermo del Toro,4798,Male
37,37,37,Steven Spielberg,4799,Male
38,38,38,Peter Sohn,4800,Male
39,39,39,Brenda Chapman,4801,Female
40,40,40,Justin Lin,4802,Male
41,41,41,Roland Emmerich,4803,Male
42,42,42,Robert Zemeckis,4804,Male
43,43,43,Lilly Wachowski,4805,Female
44,44,44,Pete Docter,4806,Male
45,45,45,Conrad Vernon,4807,Male
46,46,46,Jon Favreau,4808,Male
47,47,47,Martin Scorsese,4809,Male
48,48,48,Rob Cohen,4810,Male
49,49,49,David Ayer,4811,Male
50,50,50,Tom Shadyac,4812,Male
51,51,51,Doug Liman,4813,Male
52,52,52,Kevin Reynolds,4814,Male
53,53,53,Stephen Sommers,4815,Male
54,54,54,Rupert Sanders,4816,Male
55,55,55,Robert Stromberg,4817,Male
56,56,56,Matt Reeves,4818,Male
57,57,57,Roland Joffé,4819,Male
58,58,58,Carl Rinsch,4820,Male
59,59,59,Mike Mitchell,4821,Male
60,60,60,Brad Bird,4822,Male
61,61,61,Chris Williams,4823,Male
62,62,62,Rich Moore,4824,Male
63,63,63,Chris Sanders,4825,Male
64,64,64,Jonathan Mostow,4826,Male
65,65,65,James Gunn,4827,Male
66,66,66,Hideaki Anno,4828,Male
67,67,67,David Fincher,4829,Male
68,68,68,Matthew Vaughn,4830,Male
69,69,69,Francis Lawrence,4831,Male
70,70,70,Jon Turteltaub,4832,Male
71,71,71,Wolfgang Petersen,4833,Male
72,72,72,James Bobin,4834,Male
73,73,73,Chris Miller,4835,Male
74,74,74,Duncan Jones,4836,Male
75,75,75,Alan Taylor,4837,Male
76,76,76,Michael Apted,4838,Male
77,77,77,Oliver Stone,4839,Male
78,78,78,Jan Pinkava,4840,Male
79,79,79,Eric Darnell,4841,Male
80,80,80,Shawn Levy,4842,Male
81,81,81,Gavin Hood,4843,Male
82,82,82,Chris Buck,4844,Male
83,83,83,George Miller,4845,Male
84,84,84,Ron Howard,4846,Male
85,85,85,Kenneth Branagh,4847,Male
86,86,86,Hoyt Yeatman,4848,Male
87,87,87,Jonathan Liebesman,4849,Male
88,88,88,Christopher McQuarrie,4850,Male
89,89,89,Joe Johnston,4851,Male
90,90,90,Steve Hickner,4852,Male
91,91,91,Jennifer Yuh Nelson,4853,Female
92,92,92,M. Night Shyamalan,4854,Male
93,93,93,Simon Wells,4855,Male
94,94,94,David Bowers,4856,Male
95,95,95,Joe Wright,4857,Male
96,96,96,Rob Minkoff,4858,Male
97,97,97,Lee Tamahori,4859,Male
98,98,98,Paul Feig,4860,Male
99,99,99,Peter Ramsey,4861,Male
100,100,100,Dean Parisot,4862,Male
101,101,101,Edward Zwick,4863,Male
102,102,102,Dean DeBlois,4864,Male
103,103,103,Alex Proyas,4865,Male
104,104,104,Richard Donner,4866,Male
105,105,105,Ang Lee,4867,Male
106,106,106,Jon M. Chu,4868,Male
107,107,107,Breck Eisner,4869,Male
108,108,108,Hironobu Sakaguchi,4870,Male
109,109,109,Peter Weir,4871,Male
110,110,110,Bill Condon,4872,Male
111,111,111,Louis Leterrier,4873,Male
112,112,112,Alejandro González Iñárritu,4874,Male
113,113,113,David Soren,4875,Male
114,114,114,Paul Greengrass,4876,Male
115,115,115,Mark Osborne,4877,Male
116,116,116,Peyton Reed,4878,Male
117,117,117,Tim Johnson,4879,Male
118,118,118,Phillip Noyce,4880,Male
119,119,119,Darren Aronofsky,4881,Male
120,120,120,Alfonso Cuarón,4882,Male
121,121,121,Ralph Zondag,4883,Male
122,122,122,Tom McGrath,4884,Male
123,123,123,Chris Columbus,4885,Male
124,124,124,Robert Schwentke,4886,Male
125,125,125,Carlos Saldanha,4887,Male
126,126,126,Guy Ritchie,4888,Male
127,127,127,Paul Verhoeven,4889,Male
128,128,128,John McTiernan,4890,Male
129,129,129,Tony Gilroy,4891,Male
130,130,130,Joel Schumacher,4892,Male
131,131,131,John Woo,4893,Male
132,132,132,Tim Story,4894,Male
133,133,133,Mark Steven Johnson,4895,Male
134,134,134,Neill Blomkamp,4896,Male
135,135,135,David Twohy,4897,Male
136,136,136,José Padilha,4898,Male
137,137,137,James L. Brooks,4899,Male
138,138,138,James Mangold,4900,Male
139,139,139,George Lucas,4901,Male
140,140,140,Thomas Langmann,4902,Male
141,141,141,Cedric Nicolas-Troyan,4903,Male
142,142,142,Roger Donaldson,4904,Male
143,143,143,Dave Green,4905,Male
144,144,144,Josh Trank,4906,Male
145,145,145,Brad Peyton,4907,Male
146,146,146,Roger Spottiswoode,4908,Male
147,147,147,Steven Soderbergh,4909,Male
148,148,148,Rob Letterman,4910,Male
149,149,149,Michel Gondry,4911,Male
150,150,150,Noam Murro,4912,Male
151,151,151,Raja Gosnell,4913,Male
152,152,152,Will Finn,4914,Male
153,153,153,Jan de Bont,4915,Male
154,154,154,Len Wiseman,4916,Male
155,155,155,Frank Coraci,4917,Male
156,156,156,Michael Mann,4918,Male
157,157,157,Bo Welch,4919,Male
158,158,158,Ron Clements,4920,Male
159,159,159,Peter Chelsom,4921,Male
160,160,160,Dominic Sena,4922,Male
161,161,161,Tony Scott,4923,Male
162,162,162,Paul Weitz,4924,Male
163,163,163,Adam McKay,4925,Male
164,164,164,Chuck Russell,4926,Male
165,165,165,Quentin Tarantino,4927,Male
166,166,166,Gary Trousdale,4928,Male
167,167,167,Mark Dindal,4929,Male
168,168,168,Simon West,4930,Male
169,169,169,Stefen Fangmeier,4931,Male
170,170,170,Spike Jonze,4932,Male
171,171,171,Chris Wedge,4933,Male
172,172,172,Florian Henckel von Donnersmarck,4934,Male
173,173,173,Peter Hyams,4935,Male
174,174,174,Tom Tykwer,4936,Male
175,175,175,Pitof,4937,Male
176,176,176,Brad Silberling,4938,Male
177,177,177,Patrick Hughes,4939,Male
178,178,178,Ericson Core,4940,Male
179,179,179,Lawrence Guterman,4941,Male
180,180,180,Ron Underwood,4942,Male
181,181,181,Steve Martino,4943,Male
182,182,182,David Mamet,4944,Male
183,183,183,Zhang Yimou,4945,Male
184,184,184,Ash Brannon,4946,Male
185,185,185,Frank Oz,4947,Male
186,186,186,Jay Roach,4948,Male
187,187,187,Luc Besson,4949,Male
188,188,188,Michael Patrick King,4950,Male
189,189,189,Don Michael Paul,4951,Male
190,190,190,Sergei Bodrov,4952,Male
191,191,191,Wally Pfister,4953,Male
192,192,192,Rupert Wyatt,4954,Male
193,193,193,Mark Waters,4955,Male
194,194,194,John Moore,4956,Male
195,195,195,John Lee Hancock,4957,Male
196,196,196,Renny Harlin,4958,Male
197,197,197,Phil Lord,4959,Male
198,198,198,Ben Stiller,4960,Male
199,199,199,Tony Bancroft,4961,Male
200,200,200,Timur Bekmambetov,4962,Male
201,201,201,Walt Becker,4963,Male
202,202,202,Dennis Dugan,4964,Male
203,203,203,Sydney Pollack,4965,Male
204,204,204,Thor Freudenthal,4966,Male
205,205,205,Brian De Palma,4967,Male
206,206,206,Mick Jackson,4968,Male
207,207,207,Alan J. Pakula,4969,Male
208,208,208,Kathryn Bigelow,4970,Female
209,209,209,John Milius,4971,Male
210,210,210,Andrei Konchalovsky,4972,Male
211,211,211,Gary Ross,4973,Male
212,212,212,Paul W.S. Anderson,4974,Male
213,213,213,Genndy Tartakovsky,4975,Male
214,214,214,Kevin Lima,4976,Male
215,215,215,Daniel Espinosa,4977,Male
216,216,216,Nancy Meyers,4978,Female
217,217,217,Jill Culton,4979,Female
218,218,218,Neil Burger,4980,Male
219,219,219,Jean-Jacques Annaud,4981,Male
220,220,220,Barry Cook,4982,Male
221,221,221,Martin Brest,4983,Male
222,222,222,Andrew Davis,4984,Male
223,223,223,Bob Fosse,4985,Male
224,224,224,Tarsem Singh,4986,Male
225,225,225,Edgar Wright,4987,Male
226,226,226,Jon Amiel,4988,Male
227,227,227,Peter Segal,4989,Male
228,228,228,Pete Travis,4990,Male
229,229,229,George A. Romero,4991,Male
230,230,230,Sylvester Stallone,4992,Male
231,231,231,Todd Phillips,4993,Male
232,232,232,Karey Kirkpatrick,4994,Male
233,233,233,Gary Winick,4995,Male
234,234,234,Mimi Leder,4996,Female
235,235,235,Seth Gordon,4997,Male
236,236,236,Adam Shankman,4998,Male
237,237,237,D.J. Caruso,4999,Male
238,238,238,Anthony Minghella,5000,Male
239,239,239,Albert Hughes,5001,Male
240,240,240,Les Mayfield,5002,Male
241,241,241,Joe Pytka,5003,Male
242,242,242,Scott Derrickson,5004,Male
243,243,243,Ivan Reitman,5005,Male
244,244,244,Eric Brevig,5006,Male
245,245,245,Kelly Asbury,5007,Male
246,246,246,Stephen Hopkins,5008,Male
247,247,247,Jonathan Demme,5009,Male
248,248,248,Henry Jaglom,5010,Male
249,249,249,James Algar,5011,Male
250,250,250,Vincent Ward,5012,Male
251,251,251,Steven Brill,5013,Male
252,252,252,Terry Gilliam,5014,Male
253,253,253,Lucile Hadzihalilovic,5015,Male
254,254,254,Roger Christian,5016,Male
255,255,255,Joe Dante,5017,Male
256,256,256,Kevin Costner,5018,Male
257,257,257,Antony Hoffman,5019,Male
258,258,258,Jacques Perrin,5020,Male
259,259,259,Andrés Couturier,5021,Male
260,260,260,Roger Allers,5022,Male
261,261,261,Cody Cameron,5023,Male
262,262,262,John Singleton,5024,Male
263,263,263,Oliver Hirschbiegel,5025,Male
264,264,264,Des McAnuff,5026,Male
265,265,265,Chris Renaud,5027,Male
266,266,266,Stephen Norrington,5028,Male
267,267,267,Pierre Coffin,5029,Male
268,268,268,David Kellogg,5030,Male
269,269,269,Mike Nichols,5031,Male
270,270,270,Vicky Jenson,5032,Female
271,271,271,F. Gary Gray,5033,Male
272,272,272,Antoine Fuqua,5034,Male
273,273,273,Robert Luketic,5035,Male
274,274,274,Gil Kenan,5036,Male
275,275,275,Barry Levinson,5037,Male
276,276,276,Jerry Zucker,5038,Male
277,277,277,Andy Tennant,5039,Male
278,278,278,Florent-Emilio Siri,5040,Male
279,279,279,Gary Goldman,5041,Male
280,280,280,Ron Shelton,5042,Male
281,281,281,Àlex Pastor,5043,Male
282,282,282,Henry Selick,5044,Male
283,283,283,Kyle Balda,5045,Male
284,284,284,Fergal Reilly,5046,Male
285,285,285,Judd Apatow,5047,Male
286,286,286,Steve Carr,5048,Male
287,287,287,Mel Gibson,5049,Male
288,288,288,David Silverman,5050,Male
289,289,289,Frank Darabont,5051,Male
290,290,290,Betty Thomas,5052,Female
291,291,291,Garry Marshall,5053,Male
292,292,292,Paul Tibbitt,5054,Male
293,293,293,Clark Johnson,5055,Male
294,294,294,Cameron Crowe,5056,Male
295,295,295,Randall Wallace,5057,Male
296,296,296,Jonathan Frakes,5058,Male
297,297,297,George Clooney,5059,Male
298,298,298,Gary Shore,5060,Male
299,299,299,Andrzej Bartkowiak,5061,Male
300,300,300,Måns Mårlind,5062,Male
301,301,301,Gregory Hoblit,5063,Male
302,302,302,Gary McKendry,5064,Male
303,303,303,Wych Kaosayananda,5065,Male
304,304,304,Mikael Salomon,5066,Male
305,305,305,Bobby Farrelly,5067,Male
306,306,306,Dan St. Pierre,5068,Male
307,307,307,Kerry Conran,5069,Male
308,308,308,Michael Caton-Jones,5070,Male
309,309,309,Mikael Håfström,5071,Male
310,310,310,Phil Alden Robinson,5072,Male
311,311,311,David Slade,5073,Male
312,312,312,Joseph Ruben,5074,Male
313,313,313,Seth MacFarlane,5075,Male
314,314,314,Alejandro Amenábar,5076,Male
315,315,315,Kinka Usher,5077,Male
316,316,316,Craig Gillespie,5078,Male
317,317,317,Rob Bowman,5079,Male
318,318,318,Doug Lefler,5080,Male
319,319,319,Scott Waugh,5081,Male
320,320,320,Lawrence Kasdan,5082,Male
321,321,321,Michael Lembeck,5083,Male
322,322,322,Tom Hooper,5084,Male
323,323,323,Nora Ephron,5085,Female
324,324,324,Angelina Jolie,5086,Female
325,325,325,Clint Eastwood,5087,Male
326,326,326,Larry Charles,5088,Male
327,327,327,Stanley Kubrick,5089,Male
328,328,328,Will Gluck,5090,Male
329,329,329,Glenn Ficarra,5091,Male
330,330,330,David S. Goyer,5092,Male
331,331,331,Taylor Hackford,5093,Male
332,332,332,Michael Lehmann,5094,Male
333,333,333,Stuart Beattie,5095,Male
334,334,334,Roman Polanski,5096,Male
335,335,335,Robert Rodriguez,5097,Male
336,336,336,Baltasar Kormákur,5098,Male
337,337,337,Daniel Lee,5099,Male
338,338,338,Keenen Ivory Wayans,5100,Male
339,339,339,Rob Reiner,5101,Male
340,340,340,Marco Schnabel,5102,Male
341,341,341,Demian Lichtenstein,5103,Male
342,342,342,Josh Gordon,5104,Male
343,343,343,Tim Hill,5105,Male
344,344,344,David Frankel,5106,Male
345,345,345,Marc Lawrence,5107,Male
346,346,346,Peter Billingsley,5108,Male
347,347,347,Wes Ball,5109,Male
348,348,348,Ryan Murphy,5110,Male
349,349,349,Robert Redford,5111,Male
350,350,350,Jay Russell,5112,Male
351,351,351,Kenny Ortega,5113,Male
352,352,352,David McNally,5114,Male
353,353,353,Brian Robbins,5115,Male
354,354,354,Brian Levant,5116,Male
355,355,355,Steven Zaillian,5117,Male
356,356,356,Sam Fell,5118,Male
357,357,357,Jon Avnet,5119,Male
358,358,358,Robert Stevenhagen,5120,Male
359,359,359,Kevin Donovan,5121,Male
360,360,360,Geoff Murphy,5122,Male
361,361,361,David O. Russell,5123,Male
362,362,362,Babak Najafi,5124,Male
363,363,363,Jean-Pierre Jeunet,5125,Male
364,364,364,Anthony Stacchi,5126,Male
365,365,365,Griffin Dunne,5127,Male
366,366,366,John Pasquin,5128,Male
367,367,367,Ruben Fleischer,5129,Male
368,368,368,Harold Ramis,5130,Male
369,369,369,Kevin Macdonald,5131,Male
370,370,370,Donald Petrie,5132,Male
371,371,371,Jorge Blanco,5133,Male
372,372,372,Stuart Baird,5134,Male
373,373,373,Joel Coen,5135,Male
374,374,374,Robert Lorenz,5136,Male
375,375,375,Harold Becker,5137,Male
376,376,376,Scott Stewart,5138,Male
377,377,377,Tony Bill,5139,Male
378,378,378,Rod Lurie,5140,Male
379,379,379,Walter Hill,5141,Male
380,380,380,Akiva Goldsman,5142,Male
381,381,381,Harald Zwart,5143,Male
382,382,382,Walter Salles,5144,Male
383,383,383,Iain Softley,5145,Male
384,384,384,Frank Miller,5146,Male
385,385,385,David Koepp,5147,Male
386,386,386,Uwe Boll,5148,Male
387,387,387,Soi Cheang,5149,Male
388,388,388,John Dahl,5150,Male
389,389,389,Tim Miller,5151,Male
390,390,390,Stephen Herek,5152,Male
391,391,391,Peter MacDonald,5153,Male
392,392,392,Anthony Hemingway,5154,Male
393,393,393,Sean Anders,5155,Male
394,394,394,Brian Taylor,5156,Male
395,395,395,John Madden,5157,Male
396,396,396,Kevin Bray,5158,Male
397,397,397,Mike Gabriel,5159,Male
398,398,398,Sam Weisman,5160,Male
399,399,399,Jesse Dylan,5161,Male
400,400,400,Wayne Wang,5162,Male
401,401,401,Gabriele Muccino,5163,Male
402,402,402,Tom Dey,5164,Male
403,403,403,Jimmy Hayward,5165,Male
404,404,404,Alan Parker,5166,Male
405,405,405,John Frankenheimer,5167,Male
406,406,406,Paul King,5168,Male
407,407,407,Akiva Schaffer,5169,Male
408,408,408,William Friedkin,5170,Male
409,409,409,Kent Alterman,5171,Male
410,410,410,Peter Lord,5172,Male
411,411,411,Shekhar Kapur,5173,Male
412,412,412,Karyn Kusama,5174,Female
413,413,413,Ronald F. Maxwell,5175,Male
414,414,414,Robert Butler,5176,Male
415,415,415,Steve Antin,5177,Male
416,416,416,Jim Gillespie,5178,Male
417,417,417,Francis Ford Coppola,5179,Male
418,418,418,Richard Lester,5180,Male
419,419,419,Scott Cooper,5181,Male
420,420,420,Curtis Hanson,5182,Male
421,421,421,Phyllida Lloyd,5183,Female
422,422,422,Jay Chandrasekhar,5184,Male
423,423,423,Terrence Malick,5185,Male
424,424,424,David Dobkin,5186,Male
425,425,425,Miloš Forman,5187,Male
426,426,426,Pierre Morel,5188,Male
427,427,427,Paul Hunter,5189,Male
428,428,428,Steve Oedekerk,5190,Male
429,429,429,John Whitesell,5191,Male
430,430,430,George Nolfi,5192,Male
431,431,431,Neil Jordan,5193,Male
432,432,432,Rawson Marshall Thurber,5194,Male
433,433,433,Spike Lee,5195,Male
434,434,434,Brian Helgeland,5196,Male
435,435,435,Frank Marshall,5197,Male
436,436,436,Hideo Nakata,5198,Male
437,437,437,Peter Hewitt,5199,Male
438,438,438,Joe Roth,5200,Male
439,439,439,Bennett Miller,5201,Male
440,440,440,Jaume Collet-Serra,5202,Male
441,441,441,Andy Fickman,5203,Male
442,442,442,James McTeigue,5204,Male
443,443,443,Matthew O'Callaghan,5205,Male
444,444,444,Angela Robinson,5206,Female
445,445,445,Gary Fleder,5207,Male
446,446,446,Tommy Wirkola,5208,Male
447,447,447,Adrian Lyne,5209,Male
448,448,448,Stephen Gaghan,5210,Male
449,449,449,Jorge R. Gutierrez,5211,Male
450,450,450,Richard Loncraine,5212,Male
451,451,451,Christophe Gans,5213,Male
452,452,452,Howard Deutch,5214,Male
453,453,453,Jon Hurwitz,5215,Male
454,454,454,Steven Quale,5216,Male
455,455,455,John Landis,5217,Male
456,456,456,Alexander Witt,5218,Male
457,457,457,Beeban Kidron,5219,Female
458,458,458,Carl Franklin,5220,Male
459,459,459,Steven Seagal,5221,Male
460,460,460,Danny Boyle,5222,Male
461,461,461,Andrew Bergman,5223,Male
462,462,462,Barbet Schroeder,5224,Male
463,463,463,Peter Webber,5225,Male
464,464,464,Andrew Niccol,5226,Male
465,465,465,John Carpenter,5227,Male
466,466,466,Wes Anderson,5228,Male
467,467,467,David Cronenberg,5229,Male
468,468,468,John Stockwell,5230,Male
469,469,469,David Gordon Green,5231,Male
470,470,470,Jim Sheridan,5232,Male
471,471,471,Costa-Gavras,5233,Male
472,472,472,Patrick Read Johnson,5234,Male
473,473,473,Richard LaGravenese,5235,Male
474,474,474,Danny DeVito,5236,Male
475,475,475,George Armitage,5237,Male
476,476,476,Patrick Lussier,5238,Male
477,477,477,James Wong,5239,Male
478,478,478,Richard Curtis,5240,Male
479,479,479,Chuck Bowman,5241,Male
480,480,480,Olivier Megaton,5242,Male
481,481,481,Deepa Mehta,5243,Female
482,482,482,Warren Beatty,5244,Male
483,483,483,Penny Marshall,5245,Female
484,484,484,Ted Kotcheff,5246,Male
485,485,485,Andrei Tarkovsky,5247,Male
486,486,486,Yvette Kaplan,5248,Male
487,487,487,Stephen Frears,5249,Male
488,488,488,P.J. Hogan,5250,Male
489,489,489,Brad Furman,5251,Male
490,490,490,Terence Young,5252,Male
491,491,491,David Zucker,5253,Male
492,492,492,Denis Villeneuve,5254,Male
493,493,493,Thomas Carter,5255,Male
494,494,494,Roger Michell,5256,Male
495,495,495,Luis Llosa,5257,Male
496,496,496,Melville Shavelson,5258,Male
497,497,497,Garth Jennings,5259,Male
498,498,498,Joel Zwick,5260,Male
499,499,499,Russell Mulcahy,5261,Male
500,500,500,David R. Ellis,5262,Male
501,501,501,Peter Howitt,5263,Male
502,502,502,John A. Davis,5264,Male
503,503,503,David Lynch,5265,Male
504,504,504,Julie Taymor,5266,Female
505,505,505,Mathieu Kassovitz,5267,Male
506,506,506,John Gray,5268,Male
507,507,507,John Schultz,5269,Male
508,508,508,Sean Penn,5270,Male
509,509,509,Susan Stroman,5271,Female
510,510,510,Simon Wincer,5272,Male
511,511,511,Billy Bob Thornton,5273,Male
512,512,512,Danny Pang,5274,Male
513,513,513,George P. Cosmatos,5275,Male
514,514,514,Oliver Parker,5276,Male
515,515,515,Lawrence Kasanoff,5277,Male
516,516,516,Ben Affleck,5278,Male
517,517,517,Brian Gibson,5279,Male
518,518,518,Ben Sharpsteen,5280,Male
519,519,519,Michael Cimino,5281,Male
520,520,520,Paul McGuigan,5282,Male
521,521,521,Gus Van Sant,5283,Male
522,522,522,Roger Kumble,5284,Male
523,523,523,Burr Steers,5285,Male
524,524,524,Nick Park,5286,Male
525,525,525,John Hamburg,5287,Male
526,526,526,Reginald Hudlin,5288,Male
527,527,527,Joseph L. Mankiewicz,5289,Male
528,528,528,Barbra Streisand,5290,Male
529,529,529,Mark Pellington,5291,Male
530,530,530,John Glen,5292,Male
531,531,531,Catherine Hardwicke,5293,Female
532,532,532,John Herzfeld,5294,Male
533,533,533,Annabel Jankel,5295,Female
534,534,534,Julie Anne Robinson,5296,Female
535,535,535,Seth Rogen,5297,Male
536,536,536,Sngmoo Lee,5298,Male
537,537,537,Jamel Debbouze,5299,Male
538,538,538,Gordon Chan,5300,Male
539,539,539,Asger Leth,5301,Male
540,540,540,John G. Avildsen,5302,Male
541,541,541,Anne Fletcher,5303,Female
542,542,542,Bruce Beresford,5304,Male
543,543,543,Sam Taylor-Johnson,5305,Female
544,544,544,Ken Kwapis,5306,Male
545,545,545,Wes Craven,5307,Male
546,546,546,Etan Cohen,5308,Male
547,547,547,Nick Cassavetes,5309,Male
548,548,548,Nicholas Stoller,5310,Male
549,549,549,Mark A.Z. Dippé,5311,Male
550,550,550,Callan Brunker,5312,Male
551,551,551,Nimród Antal,5313,Male
552,552,552,Alejandro Agresti,5314,Male
553,553,553,Peter Hedges,5315,Male
554,554,554,Paul Weiland,5316,Male
555,555,555,Colin Strause,5317,Male
556,556,556,Joan Chen,5318,Female
557,557,557,Greg Mottola,5319,Male
558,558,558,Jake Kasdan,5320,Male
559,559,559,Diane Keaton,5321,Female
560,560,560,Kelly Makin,5322,Male
561,561,561,Stephen Daldry,5323,Male
562,562,562,Christian Duguay,5324,Male
563,563,563,Justin Chadwick,5325,Male
564,564,564,Pat O'Connor,5326,Male
565,565,565,Frederik Du Chau,5327,Male
566,566,566,Irwin Winkler,5328,Male
567,567,567,Joseph Kahn,5329,Male
568,568,568,Sofia Coppola,5330,Female
569,569,569,Stephen T. Kay,5331,Male
570,570,570,Juan Antonio Bayona,5332,Male
571,571,571,Elaine May,5333,Female
572,572,572,Dennie Gordon,5334,Female
573,573,573,Charles Shyer,5335,Male
574,574,574,Ulu Grosbard,5336,Male
575,575,575,William Malone,5337,Male
576,576,576,Malcolm D. Lee,5338,Male
577,577,577,Jerry Jameson,5339,Male
578,578,578,Mic Rodgers,5340,Male
579,579,579,Christian Alvart,5341,Male
580,580,580,Jean-Marie Poiré,5342,Male
581,581,581,Marc F. Adler,5343,Male
582,582,582,Geoffrey Sax,5344,Male
583,583,583,Richard Shepard,5345,Male
584,584,584,Peter Chan,5346,Male
585,585,585,Sergei Bodrov Jr.,5347,Male
586,586,586,Bong Joon-ho,5348,Male
587,587,587,Bibo Bergeron,5349,Male
588,588,588,Jeff Nathanson,5350,Male
589,589,589,S.S. Rajamouli,5351,Male
590,590,590,Charles S. Dutton,5352,Male
591,591,591,Jonathan Lynn,5353,Male
592,592,592,David Carson,5354,Male
593,593,593,Wong Kar-wai,5355,Male
594,594,594,Yuefeng Song,5356,Male
595,595,595,Norman Jewison,5357,Male
596,596,596,David Mirkin,5358,Male
597,597,597,Luis Mandoki,5359,Male
598,598,598,Lee Daniels,5360,Male
599,599,599,Jeb Stuart,5361,Male
600,600,600,Steve Miner,5362,Male
601,601,601,Paul Thomas Anderson,5363,Male
602,602,602,David Leland,5364,Male
603,603,603,J Blakeson,5365,Male
604,604,604,Ryan Coogler,5366,Male
605,605,605,Kirk Jones,5367,Female
606,606,606,Jennifer Flackett,5368,Female
607,607,607,Kevin Smith,5369,Male
608,608,608,Christian Ditter,5370,Male
609,609,609,Charles Martin Smith,5371,Male
610,610,610,Fyodor Bondarchuk,5372,Male
611,611,611,Irvin Kershner,5373,Male
612,612,612,Steve Pink,5374,Male
613,613,613,Scott Hicks,5375,Male
614,614,614,Kirk De Micco,5376,Male
615,615,615,Chris Rock,5377,Male
616,616,616,Wilson Yip,5378,Male
617,617,617,Robert Wise,5379,Male
618,618,618,Kevin Rodney Sullivan,5380,Male
619,619,619,Kevin Munroe,5381,Male
620,620,620,Mike Tollin,5382,Male
621,621,621,Patrick Tatopoulos,5383,Male
622,622,622,Gary David Goldberg,5384,Male
623,623,623,Tobe Hooper,5385,Male
624,624,624,Alan Poul,5386,Male
625,625,625,Luke Greenfield,5387,Male
626,626,626,Gil Junger,5388,Male
627,627,627,Michael Ritchie,5389,Male
628,628,628,Steven E. de Souza,5390,Male
629,629,629,Alexandre Aja,5391,Male
630,630,630,Michael Rymer,5392,Male
631,631,631,Hugh Wilson,5393,Male
632,632,632,Mike Hodges,5394,Male
633,633,633,Scott Mann,5395,Male
634,634,634,Susanna White,5396,Male
635,635,635,Chris Carter,5397,Male
636,636,636,Tommy O'Haver,5398,Male
637,637,637,Peter Landesman,5399,Male
638,638,638,Gary Chapman,5400,Male
639,639,639,Craig Mazin,5401,Male
640,640,640,Allen Hughes,5402,Male
641,641,641,Kimble Rendall,5403,Male
642,642,642,Peter Yates,5404,Male
643,643,643,Lasse Hallström,5405,Male
644,644,644,Jean-Marc Vallée,5406,Male
645,645,645,Tsui Hark,5407,Male
646,646,646,Lexi Alexander,5408,Male
647,647,647,Ronny Yu,5409,Male
648,648,648,Bille August,5410,Male
649,649,649,Moustapha Akkad,5411,Male
650,650,650,Jean-Paul Rappeneau,5412,Male
651,651,651,Joachim Rønning,5413,Male
652,652,652,Tony Kaye,5414,Male
653,653,653,Ken Scott,5415,Male
654,654,654,Hugh Johnson,5416,Male
655,655,655,Hayao Miyazaki,5417,Male
656,656,656,"George Tillman, Jr.",5418,Male
657,657,657,Rand Ravich,5419,Male
658,658,658,Hugh Hudson,5420,Male
659,659,659,Ben Stassen,5421,Male
660,660,660,Chris Gorak,5422,Male
661,661,661,Scott Speer,5423,Male
662,662,662,Joe Charbanic,5424,Male
663,663,663,Jonathan Hensleigh,5425,Male
664,664,664,Danny Cannon,5426,Male
665,665,665,Boaz Yakin,5427,Male
666,666,666,Richard Marquand,5428,Male
667,667,667,Neil Marshall,5429,Male
668,668,668,David Wain,5430,Male
669,669,669,Jared Hess,5431,Male
670,670,670,Rupert Wainwright,5432,Male
671,671,671,John Luessenhop,5433,Male
672,672,672,Justin Zackham,5434,Male
673,673,673,John Gatins,5435,Male
674,674,674,Miguel Sapochnik,5436,Male
675,675,675,Shim Hyung-Rae,5437,Male
676,676,676,Don Scardino,5438,Male
677,677,677,Tim Robbins,5439,Male
678,678,678,Tom Reeve,5440,Male
679,679,679,Nanette Burstein,5441,Female
680,680,680,Ariel Vromen,5442,Male
681,681,681,Lewis Gilbert,5443,Male
682,682,682,John Francis Daley,5444,Male
683,683,683,J.B. Rogers,5445,Male
684,684,684,Michael Sucsy,5446,Male
685,685,685,Tom Vaughan,5447,Male
686,686,686,Stephen Hillenburg,5448,Male
687,687,687,Stig Bergqvist,5449,Male
688,688,688,Jason Reitman,5450,Male
689,689,689,Alexander Payne,5451,Male
690,690,690,Jonathan Levine,5452,Male
691,691,691,Rian Johnson,5453,Male
692,692,692,Chris Noonan,5454,Male
693,693,693,Michael McCullers,5455,Male
694,694,694,Forest Whitaker,5456,Male
695,695,695,Woody Allen,5457,Male
696,696,696,Peter Lepeniotis,5458,Male
697,697,697,Ted Demme,5459,Male
698,698,698,William Shatner,5460,Male
699,699,699,James Gartner,5461,Male
700,700,700,Lee Toland Krieger,5462,Male
701,701,701,Tim McCanlies,5463,Male
702,702,702,Drew Goddard,5464,Male
703,703,703,Jason Friedberg,5465,Male
704,704,704,Paul Michael Glaser,5466,Male
705,705,705,John R. Leonetti,5467,Male
706,706,706,Tom Hanks,5468,Male
707,707,707,Kimberly Peirce,5469,Female
708,708,708,Liz Friedlander,5470,Female
709,709,709,Phil Joanou,5471,Male
710,710,710,Shane Acker,5472,Male
711,711,711,Martha Coolidge,5473,Female
712,712,712,Stephen Anderson,5474,Male
713,713,713,Troy Miller,5475,Male
714,714,714,Tate Taylor,5476,Male
715,715,715,Brett Leonard,5477,Male
716,716,716,Alister Grierson,5478,Male
717,717,717,Nick Hurran,5479,Male
718,718,718,Charles Stone III,5480,Male
719,719,719,Paul Haggis,5481,Male
720,720,720,Kurt Wimmer,5482,Male
721,721,721,Jean-François Richet,5483,Male
722,722,722,Kevin Hooks,5484,Male
723,723,723,Ellory Elkayem,5485,Male
724,724,724,Niki Caro,5486,Female
725,725,725,Vincenzo Natali,5487,Male
726,726,726,Willard Huyck,5488,Male
727,727,727,Gavin O'Connor,5489,Male
728,728,728,Bruce Hunt,5490,Male
729,729,729,Christopher Roberts,5491,Male
730,730,730,Kim Jee-woon,5492,Male
731,731,731,Nick Hamm,5493,Male
732,732,732,Andy Cadiff,5494,Male
733,733,733,Mike Disa,5495,Male
734,734,734,Richard J. Lewis,5496,Male
735,735,735,Sergio Leone,5497,Male
736,736,736,Niels Arden Oplev,5498,Male
737,737,737,Michael Radford,5499,Male
738,738,738,Steve Boyum,5500,Male
739,739,739,Chen Kaige,5501,Male
740,740,740,Corey Yuen Kwai,5502,Male
741,741,741,Andrew Dominik,5503,Male
742,742,742,Jackie Chan,5504,Male
743,743,743,Laurent Tirard,5505,Male
744,744,744,Reinhard Klooss,5506,Male
745,745,745,Frédéric Auburtin,5507,Male
746,746,746,Olivier Dahan,5508,Male
747,747,747,Maksim Fadeev,5509,Female
748,748,748,Liliana Cavani,5510,Female
749,749,749,Elizabeth Banks,5511,Female
750,750,750,Edward Norton,5512,Male
751,751,751,Ben Falcone,5513,Male
752,752,752,Richard Attenborough,5514,Male
753,753,753,Don Mancini,5515,Male
754,754,754,John Maybury,5516,Male
755,755,755,Norton Virgien,5517,Male
756,756,756,Shinji Aramaki,5518,Male
757,757,757,Miguel Arteta,5519,Male
758,758,758,James Gray,5520,Male
759,759,759,Janusz Kamiński,5521,Male
760,760,760,Robert B. Weide,5522,Male
761,761,761,Jeff Wadlow,5523,Male
762,762,762,Agustín Díaz Yanes,5524,Male
763,763,763,Camille Delamarre,5525,Male
764,764,764,David Lean,5526,Male
765,765,765,Richard Eyre,5527,Male
766,766,766,Nicholas Meyer,5528,Male
767,767,767,Callie Khouri,5529,Female
768,768,768,Sanaa Hamri,5530,Female
769,769,769,Todd Graff,5531,Male
770,770,770,Philip Kaufman,5532,Male
771,771,771,Saul Dibb,5533,Male
772,772,772,Walter Murch,5534,Male
773,773,773,Richard Linklater,5535,Male
774,774,774,E. Elias Merhige,5536,Male
775,775,775,Menno Meyjes,5537,Male
776,776,776,Jodie Foster,5538,Female
777,777,777,Scott Frank,5539,Male
778,778,778,Kevin Allen,5540,Male
779,779,779,Michael Cristofer,5541,Male
780,780,780,Andrew Morahan,5542,Male
781,781,781,Bob Rafelson,5543,Male
782,782,782,Michael Cohn,5544,Male
783,783,783,Alan Shapiro,5545,Male
784,784,784,Fernando Meirelles,5546,Male
785,785,785,Michael Hoffman,5547,Male
786,786,786,Oleg Stepchenko,5548,Male
787,787,787,Michael Winterbottom,5549,Male
788,788,788,Michael Pressman,5550,Male
789,789,789,Sharon Maguire,5551,Female
790,790,790,Charles Herman-Wurmfeld,5552,Male
791,791,791,Gábor Csupó,5553,Male
792,792,792,Tyler Perry,5554,Male
793,793,793,Joe Carnahan,5555,Male
794,794,794,John Polson,5556,Male
795,795,795,Bernardo Bertolucci,5557,Male
796,796,796,Cathy Malkasian,5558,Female
797,797,797,Chris Nahon,5559,Male
798,798,798,Fred Wolf,5560,Male
799,799,799,Bille Woodruff,5561,Male
800,800,800,Victor Salva,5562,Male
801,801,801,Mark Helfrich,5563,Male
802,802,802,Steve Bendelack,5564,Male
803,803,803,Dwight H. Little,5565,Male
804,804,804,Guillaume Canet,5566,Male
805,805,805,Kirsten Sheridan,5567,Female
806,806,806,Richard Fleischer,5568,Male
807,807,807,Bob Spiers,5569,Male
808,808,808,Damien Dante Wayans,5570,Male
809,809,809,John Wells,5571,Male
810,810,810,Tim Fywell,5572,Male
811,811,811,Nigel Cole,5573,Male
812,812,812,Dexter Fletcher,5574,Male
813,813,813,Jeremy Leven,5575,Male
814,814,814,Sylvain White,5576,Male
815,815,815,Troy Nixey,5577,Male
816,816,816,Philip G. Atwell,5578,Male
817,817,817,Jeff Schaffer,5579,Male
818,818,818,James Bridges,5580,Male
819,819,819,Steve Barron,5581,Male
820,820,820,Bill Paxton,5582,Male
821,821,821,Richard Kelly,5583,Male
822,822,822,Carter Smith,5584,Male
823,823,823,John Schlesinger,5585,Male
824,824,824,Ringo Lam,5586,Male
825,825,825,Bruce McCulloch,5587,Male
826,826,826,Patricia Riggen,5588,Male
827,827,827,Pascal Chaumeil,5589,Male
828,828,828,Jonathan Kaplan,5590,Male
829,829,829,Ole Bornedal,5591,Male
830,830,830,Richard Benjamin,5592,Male
831,831,831,Craig R. Baxley,5593,Male
832,832,832,John Hillcoat,5594,Male
833,833,833,John Guillermin,5595,Male
834,834,834,Marcos Siega,5596,Male
835,835,835,Rachel Talalay,5597,Female
836,836,836,Jeffrey W. Byrd,5598,Male
837,837,837,Atom Egoyan,5599,Male
838,838,838,Robert Towne,5600,Male
839,839,839,Giuseppe Tornatore,5601,Male
840,840,840,Werner Herzog,5602,Male
841,841,841,Jérôme Deschamps,5603,Female
842,842,842,Inna Evlannikova,5604,Female
843,843,843,Jonathan English,5605,Male
844,844,844,Sergey Bondarchuk,5606,Male
845,845,845,Teddy Chan,5607,Male
846,846,846,Mario Van Peebles,5608,Male
847,847,847,Leonard Nimoy,5609,Male
848,848,848,Herbert Ross,5610,Female
849,849,849,Bonnie Hunt,5611,Female
850,850,850,Neil LaBute,5612,Male
851,851,851,Grant Heslov,5613,Male
852,852,852,George Gallo,5614,Male
853,853,853,Sidney Lumet,5615,Male
854,854,854,Douglas McGrath,5616,Male
855,855,855,Kevin Spacey,5617,Male
856,856,856,Richard Williams,5618,Female
857,857,857,Mary McGuckian,5619,Female
858,858,858,Tony Goldwyn,5620,Male
859,859,859,Jonathan Newman,5621,Male
860,860,860,Michael Dinner,5622,Male
861,861,861,Joseph Sargent,5623,Male
862,862,862,Jerry Zaks,5624,Male
863,863,863,Fred Durst,5625,Male
864,864,864,Anne Fontaine,5626,Female
865,865,865,Jon Cassar,5627,Female
866,866,866,Mira Nair,5628,Female
867,867,867,Mel Brooks,5629,Male
868,868,868,Russell Crowe,5630,Male
869,869,869,Jessie Nelson,5631,Female
870,870,870,Christopher Spencer,5632,Male
871,871,871,Mike Bigelow,5633,Male
872,872,872,Daniel Sackheim,5634,Male
873,873,873,Deborah Kaplan,5635,Female
874,874,874,Uli Edel,5636,Male
875,875,875,Fred Dekker,5637,Male
876,876,876,Brian Trenchard-Smith,5638,Male
877,877,877,Blake Edwards,5639,Male
878,878,878,Laurence Dunmore,5640,Male
879,879,879,Christian Carion,5641,Male
880,880,880,Dax Shepard,5642,Male
881,881,881,Rowan Joffe,5643,Male
882,882,882,John Curran,5644,Male
883,883,883,Juan José Campanella,5645,Male
884,884,884,Trey Parker,5646,Male
885,885,885,Stuart Gillard,5647,Male
886,886,886,Katt Shea,5648,Female
887,887,887,Joshua Michael Stern,5649,Male
888,888,888,Tomas Alfredson,5650,Male
889,889,889,John Duigan,5651,Male
890,890,890,Colin Higgins,5652,Male
891,891,891,Jim Sonzero,5653,Male
892,892,892,Penelope Spheeris,5654,Male
893,893,893,Jeff Tremaine,5655,Male
894,894,894,Jeannot Szwarc,5656,Male
895,895,895,Steve McQueen,5657,Male
896,896,896,Thea Sharrock,5658,Female
897,897,897,Jon Lucas,5659,Male
898,898,898,Robin Budd,5660,Female
899,899,899,Ava DuVernay,5661,Female
900,900,900,Steve Trenbirth,5662,Female
901,901,901,Mennan Yapo,5663,Female
902,902,902,Jun Falkenstein,5664,Female
903,903,903,Tom McCarthy,5665,Male
904,904,904,Takashi Shimizu,5666,Male
905,905,905,Gary Nelson,5667,Male
906,906,906,Anton Corbijn,5668,Male
907,907,907,Gregory Nava,5669,Male
908,908,908,John Patrick Shanley,5670,Male
909,909,909,Joshua Logan,5671,Male
910,910,910,Steve Beck,5672,Male
911,911,911,Todd Strauss-Schulson,5673,Male
912,912,912,John McNaughton,5674,Male
913,913,913,Nelson McCormick,5675,Male
914,914,914,Eric Valette,5676,Male
915,915,915,Andrew Fleming,5677,Male
916,916,916,Michael Spierig,5678,Male
917,917,917,Jim Field Smith,5679,Male
918,918,918,Thomas Bezucha,5680,Male
919,919,919,William Brent Bell,5681,Male
920,920,920,Ben Gluck,5682,Male
921,921,921,Jessica Bendinger,5683,Female
922,922,922,Henry Joost,5684,Male
923,923,923,Ed Harris,5685,Male
924,924,924,Alfred Hitchcock,5686,Male
925,925,925,Shana Feste,5687,Male
926,926,926,Steve Rash,5688,Male
927,927,927,Mike Binder,5689,Male
928,928,928,Michael J. Bassett,5690,Male
929,929,929,Frank Nissen,5691,Male
930,930,930,Stephen Chow,5692,Male
931,931,931,Peter Hastings,5693,Male
932,932,932,Paul Abascal,5694,Male
933,933,933,Chris Koch,5695,Male
934,934,934,Amy Heckerling,5696,Female
935,935,935,Michael Moore,5697,Male
936,936,936,George Stevens,5698,Male
937,937,937,Billy Ray,5699,Male
938,938,938,Mark Mylod,5700,Male
939,939,939,Stephen St. Leger,5701,Male
940,940,940,Michael O. Sajbel,5702,Male
941,941,941,Charles T. Kanganis,5703,Male
942,942,942,Damon Santostefano,5704,Male
943,943,943,Bob Clark,5705,Male
944,944,944,Frank Passingham,5706,Male
945,945,945,Benson Lee,5707,Male
946,946,946,Glen Morgan,5708,Male
947,947,947,Mike Leigh,5709,Male
948,948,948,Alejandro Monteverde,5710,Male
949,949,949,Jonathan Glazer,5711,Male
950,950,950,J.C. Chandor,5712,Male
951,951,951,Paul Gross,5713,Male
952,952,952,Marc Abraham,5714,Male
953,953,953,Todd Haynes,5715,Male
954,954,954,Mabrouk El Mechri,5716,Male
955,955,955,Charlie Kaufman,5717,Male
956,956,956,Nancy Walker,5718,Female
957,957,957,Angelo Pizzo,5719,Male
958,958,958,Matthew Diamond,5720,Male
959,959,959,Katsuhiro Ōtomo,5721,Male
960,960,960,David Anspaugh,5722,Male
961,961,961,Andrew Jarecki,5723,Male
962,962,962,Daniel Algrant,5724,Male
963,963,963,Mike Barker,5725,Male
964,964,964,Wayne Thornley,5726,Male
965,965,965,Gnana Rajasekaran,5727,Male
966,966,966,Tom Walsh,5728,Male
967,967,967,Jonathan Jakubowicz,5729,Male
968,968,968,Scott Walker,5730,Male
969,969,969,Mark Rosman,5731,Male
970,970,970,Rob Hawk,5732,Male
971,971,971,Britt Allcroft,5733,Male
972,972,972,Alan Yuen,5734,Male
973,973,973,Brian Percival,5735,Male
974,974,974,Anand Tucker,5736,Male
975,975,975,Anthony Mann,5737,Male
976,976,976,Michael Dowse,5738,Male
977,977,977,Daniel Barnz,5739,Male
978,978,978,Emile Ardolino,5740,Male
979,979,979,Robert Altman,5741,Male
980,980,980,James Schamus,5742,Male
981,981,981,Andrew Douglas,5743,Male
982,982,982,Ricky Gervais,5744,Male
983,983,983,Vic Armstrong,5745,Male
984,984,984,Terry Zwigoff,5746,Female
985,985,985,Audrey Wells,5747,Female
986,986,986,Rick Friedberg,5748,Male
987,987,987,Sean McNamara,5749,Male
988,988,988,Jody Hill,5750,Male
989,989,989,Brandon Camp,5751,Male
990,990,990,Kevin Tancharoen,5752,Male
991,991,991,Nicholas Hytner,5753,Male
992,992,992,Bart Freundlich,5754,Male
993,993,993,William A. Fraker,5755,Male
994,994,994,John Boorman,5756,Male
995,995,995,Courtney Solomon,5757,Male
996,996,996,Jeff Kanew,5758,Male
997,997,997,István Szabó,5759,Male
998,998,998,Matthew Robbins,5760,Male
999,999,999,Hal Needham,5761,Male
1000,1000,1000,Jeff Nichols,5762,Male
1001,1001,1001,Jonathan Teplitzky,5763,Male
1002,1002,1002,Michael Haneke,5764,Male
1003,1003,1003,Zack Ward,5765,Male
1004,1004,1004,Mike Marvin,5766,Male
1005,1005,1005,Gregor Jordan,5767,Male
1006,1006,1006,Olivier Assayas,5768,Male
1007,1007,1007,Tran Anh Hung,5769,Male
1008,1008,1008,Lance Hool,5770,Male
1009,1009,1009,Christian Volckman,5771,Male
1010,1010,1010,Rodrigo Cortés,5772,Male
1011,1011,1011,David Hayter,5773,Male
1012,1012,1012,Cory Edwards,5774,Male
1013,1013,1013,Terry George,5775,Male
1014,1014,1014,Xavier Gens,5776,Male
1015,1015,1015,Kasi Lemmons,5777,Female
1016,1016,1016,Brian A Miller,5778,Male
1017,1017,1017,Matt Dillon,5779,Male
1018,1018,1018,George Cukor,5780,Male
1019,1019,1019,John Robert Hoffman,5781,Male
1020,1020,1020,Kevin Greutert,5782,Male
1021,1021,1021,John Fortenberry,5783,Male
1022,1022,1022,Erik White,5784,Male
1023,1023,1023,Christian Robinson,5785,Male
1024,1024,1024,Jason Moore,5786,Male
1025,1025,1025,Robert Harmon,5787,Male
1026,1026,1026,Trent Cooper,5788,Male
1027,1027,1027,Gary Halvorson,5789,Male
1028,1028,1028,Nicholas Ray,5790,Male
1029,1029,1029,Fede Alvarez,5791,Male
1030,1030,1030,Sidney J. Furie,5792,Male
1031,1031,1031,Ian Iqbal Rashid,5793,Male
1032,1032,1032,Wayne Kramer,5794,Male
1033,1033,1033,Rowdy Herrington,5795,Male
1034,1034,1034,Jim Goddard,5796,Male
1035,1035,1035,Noel Marshall,5797,Male
1036,1036,1036,Andrea Di Stefano,5798,Female
1037,1037,1037,Guillaume Ivernel,5799,Male
1038,1038,1038,Jack Smight,5800,Male
1039,1039,1039,Todd Lincoln ,5801,Male
1040,1040,1040,Howard Zieff,5802,Male
1041,1041,1041,Steven Shainberg,5803,Male
1042,1042,1042,Julian Jarrold,5804,Male
1043,1043,1043,Joe Nussbaum,5805,Male
1044,1044,1044,Vadim Perelman,5806,Male
1045,1045,1045,Michel Hazanavicius,5807,Male
1046,1046,1046,Cyrus Nowrasteh,5808,Male
1047,1047,1047,Perry Andelin Blake,5809,Male
1048,1048,1048,Christian E. Christiansen,5810,Male
1049,1049,1049,Sheldon Lettich,5811,Male
1050,1050,1050,Diane English,5812,Female
1051,1051,1051,Peter Flinth,5813,Male
1052,1052,1052,Robert Iscove,5814,Male
1053,1053,1053,Peter Kosminsky,5815,Male
1054,1054,1054,Nick Gomez,5816,Male
1055,1055,1055,Allen Coulter,5817,Male
1056,1056,1056,Clare Kilner,5818,Female
1057,1057,1057,Josef Rusnak,5819,Male
1058,1058,1058,Lance Rivera,5820,Male
1059,1059,1059,Ronald Neame,5821,Male
1060,1060,1060,Bruce Paltrow,5822,Male
1061,1061,1061,Adam Rifkin,5823,Male
1062,1062,1062,Susanne Bier,5824,Female
1063,1063,1063,Kenneth Johnson,5825,Male
1064,1064,1064,James Ivory,5826,Male
1065,1065,1065,Jessy Terrero,5827,Male
1066,1066,1066,Dany Boon,5828,Male
1067,1067,1067,Vicente Amorim,5829,Male
1068,1068,1068,Gaspar Noé,5830,Male
1069,1069,1069,Jérôme Salle,5831,Male
1070,1070,1070,Tommy Lee Jones,5832,Male
1071,1071,1071,Jesse Vaughan,5833,Male
1072,1072,1072,William Bindley,5834,Male
1073,1073,1073,Wayne Beach,5835,Male
1074,1074,1074,Gérard Krawczyk,5836,Male
1075,1075,1075,Udayan Prasad,5837,Male
1076,1076,1076,Yoon Je-kyoon,5838,Male
1077,1077,1077,Morten Tyldum,5839,Male
1078,1078,1078,Andy Muschietti,5840,Male
1079,1079,1079,Gillian Armstrong,5841,Female
1080,1080,1080,James Watkins,5842,Male
1081,1081,1081,Jim Fall,5843,Male
1082,1082,1082,Ric Roman Waugh,5844,Male
1083,1083,1083,Michael Dougherty,5845,Male
1084,1084,1084,Joel Gallen,5846,Male
1085,1085,1085,James Marsh,5847,Male
1086,1086,1086,Matt Williams,5848,Male
1087,1087,1087,Rob Zombie,5849,Male
1088,1088,1088,Dennis Iliadis,5850,Male
1089,1089,1089,Rick Rosenthal,5851,Male
1090,1090,1090,Denzel Washington,5852,Male
1091,1091,1091,Nicolas Winding Refn,5853,Male
1092,1092,1092,Sara Sugarman,5854,Female
1093,1093,1093,Juan Carlos Fresnadillo,5855,Male
1094,1094,1094,Gina Prince-Bythewood,5856,Female
1095,1095,1095,Phil Traill,5857,Male
1096,1096,1096,Joe Berlinger,5858,Male
1097,1097,1097,Elizabeth Allen Rosenbaum,5859,Female
1098,1098,1098,Michael Mayer,5860,Male
1099,1099,1099,Martin Weisz,5861,Male
1100,1100,1100,John Ottman,5862,Male
1101,1101,1101,John Bonito,5863,Male
1102,1102,1102,Peter Atencio,5864,Male
1103,1103,1103,David Nutter,5865,Male
1104,1104,1104,Derek Cianfrance,5866,Male
1105,1105,1105,Stephan Elliott,5867,Male
1106,1106,1106,Mark L. Lester,5868,Male
1107,1107,1107,Tom Green,5869,Male
1108,1108,1108,Mike Nawrocki,5870,Male
1109,1109,1109,Douglas Aarniokoski,5871,Male
1110,1110,1110,Bryan Barber,5872,Male
1111,1111,1111,Lone Scherfig,5873,Female
1112,1112,1112,Drew Barrymore,5874,Female
1113,1113,1113,Brian Koppelman,5875,Male
1114,1114,1114,James Foley,5876,Male
1115,1115,1115,Albert Brooks,5877,Male
1116,1116,1116,Steve Gomer,5878,Male
1117,1117,1117,RZA,5879,Male
1118,1118,1118,Mark Piznarski,5880,Male
1119,1119,1119,Craig Brewer,5881,Male
1120,1120,1120,David Raynr,5882,Male
1121,1121,1121,Mort Nathan,5883,Male
1122,1122,1122,Dan Curtis,5884,Male
1123,1123,1123,Wil Shriner,5885,Male
1124,1124,1124,Martin McDonagh,5886,Male
1125,1125,1125,Tina Gordon Chism,5887,Male
1126,1126,1126,Peter Cattaneo,5888,Male
1127,1127,1127,Mary Lambert,5889,Female
1128,1128,1128,Peter Kassovitz,5890,Male
1129,1129,1129,Rodman Flender,5891,Male
1130,1130,1130,Katja von Garnier,5892,Female
1131,1131,1131,Mark Romanek,5893,Male
1132,1132,1132,Brad Anderson,5894,Male
1133,1133,1133,Michael Chapman,5895,Male
1134,1134,1134,Antonio Banderas,5896,Male
1135,1135,1135,Khalil Sullins,5897,Male
1136,1136,1136,Fritz Lang,5898,Male
1137,1137,1137,Hou Hsiao-hsien,5899,Male
1138,1138,1138,Andrey Zvyagintsev,5900,Male
1139,1139,1139,Tony Jaa,5901,Male
1140,1140,1140,Ryûhei Kitamura,5902,Male
1141,1141,1141,Darrell James Roodt,5903,Male
1142,1142,1142,Dito Montiel,5904,Male
1143,1143,1143,Stefan Ruzowitzky,5905,Male
1144,1144,1144,Jake Paltrow,5906,Male
1145,1145,1145,Juraj Jakubisko,5907,Male
1146,1146,1146,Anthony Silverston,5908,Male
1147,1147,1147,Gabe Ibáñez,5909,Male
1148,1148,1148,Gerry Lively,5910,Male
1149,1149,1149,Daniele Luchetti,5911,Male
1150,1150,1150,Derek Yee Tung-Sing,5912,Male
1151,1151,1151,Julien Temple,5913,Male
1152,1152,1152,Gregory Jacobs,5914,Male
1153,1153,1153,Gilles Paquet-Brenner,5915,Male
1154,1154,1154,Peter Cousens,5916,Male
1155,1155,1155,Lars von Trier,5917,Male
1156,1156,1156,John Cornell,5918,Male
1157,1157,1157,Vidhu Vinod Chopra,5919,Male
1158,1158,1158,Jamie Blanks,5920,Male
1159,1159,1159,Randal Kleiser,5921,Male
1160,1160,1160,Phil Vischer,5922,Male
1161,1161,1161,Rick Famuyiwa,5923,Male
1162,1162,1162,Alan Cohn,5924,Male
1163,1163,1163,Franco Zeffirelli,5925,Male
1164,1164,1164,Tom Holland,5926,Male
1165,1165,1165,James Isaac,5927,Male
1166,1166,1166,Emilio Estevez,5928,Male
1167,1167,1167,Josh Schwartz,5929,Male
1168,1168,1168,Julian Schnabel,5930,Male
1169,1169,1169,Todd Field,5931,Male
1170,1170,1170,Davis Guggenheim,5932,Male
1171,1171,1171,Stephen Carpenter,5933,Male
1172,1172,1172,James Fargo,5934,Male
1173,1173,1173,Alain Resnais,5935,Male
1174,1174,1174,Kenneth Lonergan,5936,Male
1175,1175,1175,Bo Zenga,5937,Male
1176,1176,1176,Danny Leiner,5938,Male
1177,1177,1177,Christopher Cain,5939,Male
1178,1178,1178,Theodore Melfi,5940,Male
1179,1179,1179,Ed Decter,5941,Male
1180,1180,1180,Gene Quintano,5942,Male
1181,1181,1181,Eric Bress,5943,Male
1182,1182,1182,Preston A. Whitmore II,5944,Male
1183,1183,1183,Kirk Wong,5945,Male
1184,1184,1184,Bronwen Hughes,5946,Female
1185,1185,1185,John Lafia,5947,Male
1186,1186,1186,Sam Miller,5948,Male
1187,1187,1187,Alex Garland,5949,Male
1188,1188,1188,Mark Brown,5950,Male
1189,1189,1189,Michael Polish,5951,Male
1190,1190,1190,Daisy von Scherler Mayer,5952,Female
1191,1191,1191,Lenny Abrahamson,5953,Male
1192,1192,1192,Bob Saget,5954,Male
1193,1193,1193,John Waters,5955,Male
1194,1194,1194,Craig Bolotin,5956,Male
1195,1195,1195,Mark Christopher,5957,Male
1196,1196,1196,Blair Hayes,5958,Male
1197,1197,1197,Jez Butterworth,5959,Male
1198,1198,1198,Isabel Coixet,5960,Female
1199,1199,1199,Patrice Leconte,5961,Male
1200,1200,1200,Paul Mazursky,5962,Male
1201,1201,1201,Stephen Chbosky,5963,Male
1202,1202,1202,Jon Hess,5964,Male
1203,1203,1203,Mark Neveldine,5965,Male
1204,1204,1204,Joe Cornish,5966,Male
1205,1205,1205,John H. Lee,5967,Male
1206,1206,1206,John Stainton,5968,Male
1207,1207,1207,Benedek Fliegauf,5969,Male
1208,1208,1208,Paul Schrader,5970,Male
1209,1209,1209,Stewart Hendler,5971,Male
1210,1210,1210,John Cromwell,5972,Male
1211,1211,1211,Mark Herman,5973,Male
1212,1212,1212,Abel Ferrara,5974,Male
1213,1213,1213,George Hickenlooper,5975,Male
1214,1214,1214,Don Bluth,5976,Male
1215,1215,1215,Kang Je-gyu,5977,Male
1216,1216,1216,William Dear,5978,Male
1217,1217,1217,Stéphane Aubier,5979,Male
1218,1218,1218,John Badham,5980,Male
1219,1219,1219,Mike McCoy,5981,Male
1220,1220,1220,Mike Judge,5982,Male
1221,1221,1221,Tamra Davis,5983,Female
1222,1222,1222,Nima Nourizadeh,5984,Male
1223,1223,1223,Franklin J. Schaffner,5985,Male
1224,1224,1224,John Erick Dowdle,5986,Male
1225,1225,1225,David Moreau,5987,Male
1226,1226,1226,Christopher Erskin,5988,Male
1227,1227,1227,Brian Henson,5989,Male
1228,1228,1228,Dan Cutforth,5990,Male
1229,1229,1229,Josh Boone,5991,Male
1230,1230,1230,Jake Schreier,5992,Male
1231,1231,1231,Cheryl Dunye,5993,Male
1232,1232,1232,Ernest R. Dickerson,5994,Male
1233,1233,1233,Lionel C. Martin,5995,Male
1234,1234,1234,Wallace Wolodarsky,5996,Male
1235,1235,1235,Nicholas Jarecki,5997,Male
1236,1236,1236,Dean Israelite,5998,Female
1237,1237,1237,Darnell Martin,5999,Female
1238,1238,1238,Scott Alexander,6000,Male
1239,1239,1239,Stuart Gordon,6001,Male
1240,1240,1240,Christopher Guest,6002,Male
1241,1241,1241,Jane Campion,6003,Female
1242,1242,1242,Fred Schepisi,6004,Male
1243,1243,1243,Antonia Bird,6005,Female
1244,1244,1244,Jon Poll,6006,Male
1245,1245,1245,Paolo Sorrentino,6007,Male
1246,1246,1246,Peter Care,6008,Male
1247,1247,1247,Park Chan-wook,6009,Male
1248,1248,1248,Ira Sachs,6010,Male
1249,1249,1249,Carroll Ballard,6011,Male
1250,1250,1250,Takeshi Kitano,6012,Male
1251,1251,1251,Marco Kreuzpaintner,6013,Male
1252,1252,1252,Lajos Koltai,6014,Male
1253,1253,1253,Alan Rudolph,6015,Male
1254,1254,1254,Lu Chuan,6016,Male
1255,1255,1255,Lijun Sun,6017,Male
1256,1256,1256,Takashi Yamazaki,6018,Male
1257,1257,1257,Christopher Smith,6019,Male
1258,1258,1258,Timothy Hines,6020,Male
1259,1259,1259,David Winters,6021,Male
1260,1260,1260,Akira Kurosawa,6022,Male
1261,1261,1261,Jamie Thraves,6023,Male
1262,1262,1262,Mabel Cheung,6024,Male
1263,1263,1263,Dan Mazer,6025,Male
1264,1264,1264,R.J. Cutler,6026,Male
1265,1265,1265,David S. Ward,6027,Male
1266,1266,1266,Barnaby Thompson,6028,Male
1267,1267,1267,Rob Pritts,6029,Male
1268,1268,1268,John Crowley,6030,Male
1269,1269,1269,Brendan Malloy,6031,Male
1270,1270,1270,Dustin Hoffman,6032,Male
1271,1271,1271,Gregory Poirier,6033,Male
1272,1272,1272,Simon Curtis,6034,Male
1273,1273,1273,Dewey Nicks,6035,Male
1274,1274,1274,Philip Saville,6036,Male
1275,1275,1275,Tim Blake Nelson,6037,Male
1276,1276,1276,William A. Graham,6038,Male
1277,1277,1277,Martin Ritt,6039,Male
1278,1278,1278,John Turturro,6040,Male
1279,1279,1279,Agnieszka Holland,6041,Female
1280,1280,1280,David Hackl,6042,Male
1281,1281,1281,Giuliano Montaldo,6043,Male
1282,1282,1282,Lisa Azuelos,6044,Female
1283,1283,1283,Ray Lawrence,6045,Male
1284,1284,1284,Karan Johar,6046,Male
1285,1285,1285,Ruairi Robinson,6047,Male
1286,1286,1286,Jaume Balagueró,6048,Male
1287,1287,1287,Jon Kasdan,6049,Male
1288,1288,1288,Léa Pool,6050,Female
1289,1289,1289,Floyd Mutrux,6051,Male
1290,1290,1290,Sajid Khan,6052,Male
1291,1291,1291,Dean Wright,6053,Male
1292,1292,1292,Eric Lartigau,6054,Male
1293,1293,1293,Shintaro Shimosawa,6055,Male
1294,1294,1294,Darren Lynn Bousman,6056,Male
1295,1295,1295,James DeMonaco,6057,Male
1296,1296,1296,Bernhard Wicki,6058,Male
1297,1297,1297,Carol Reed,6059,Male
1298,1298,1298,Chuck Sheetz,6060,Male
1299,1299,1299,Marcus Raboy,6061,Male
1300,1300,1300,Leigh Whannell,6062,Male
1301,1301,1301,Michael Schultz,6063,Male
1302,1302,1302,Peter Sollett,6064,Male
1303,1303,1303,Bob Dolman,6065,Male
1304,1304,1304,Greg Coolidge,6066,Male
1305,1305,1305,David Lowery,6067,Male
1306,1306,1306,Ciaran Foy,6068,Male
1307,1307,1307,Salim Akil,6069,Male
1308,1308,1308,Olatunde Osunsanmi,6070,Male
1309,1309,1309,Leon Ichaso,6071,Male
1310,1310,1310,Joseph Zito,6072,Female
1311,1311,1311,Patricia Rozema,6073,Female
1312,1312,1312,Rob Schmidt,6074,Male
1313,1313,1313,Ben Garant,6075,Male
1314,1314,1314,Morgan Spurlock,6076,Male
1315,1315,1315,Neal Brennan,6077,Male
1316,1316,1316,Tuck Tucker,6078,Male
1317,1317,1317,Theodore Witcher,6079,Male
1318,1318,1318,Joel Edgerton,6080,Male
1319,1319,1319,Jim Hanon,6081,Male
1320,1320,1320,Michael Patrick Jann,6082,Male
1321,1321,1321,Jorma Taccone,6083,Male
1322,1322,1322,Jeff Lowell,6084,Male
1323,1323,1323,Lorene Scafaria,6085,Female
1324,1324,1324,Marcus Dunstan,6086,Male
1325,1325,1325,Timothy Bjorklund,6087,Male
1326,1326,1326,François Girard,6088,Male
1327,1327,1327,Scott Kalvert,6089,Male
1328,1328,1328,Jason Bateman,6090,Male
1329,1329,1329,David Schwimmer,6091,Male
1330,1330,1330,Allan Arkush,6092,Male
1331,1331,1331,Eric Bross,6093,Male
1332,1332,1332,Dan Fogelman,6094,Male
1333,1333,1333,Jay Duplass,6095,Male
1334,1334,1334,Luca Guadagnino,6096,Male
1335,1335,1335,John Putch,6097,Male
1336,1336,1336,Peter Medak,6098,Male
1337,1337,1337,Terence Davies,6099,Male
1338,1338,1338,Harley Cokeliss,6100,Male
1339,1339,1339,Tom Brady,6101,Male
1340,1340,1340,Jason Zada,6102,Male
1341,1341,1341,Noah Baumbach,6103,Male
1342,1342,1342,Eric Blakeney,6104,Male
1343,1343,1343,Rakesh Roshan,6105,Male
1344,1344,1344,Derrick Borte,6106,Male
1345,1345,1345,Richard Kwietniowski,6107,Male
1346,1346,1346,Bob Odenkirk,6108,Male
1347,1347,1347,Joshua Seftel,6109,Male
1348,1348,1348,Vincent Gallo,6110,Male
1349,1349,1349,Claude Chabrol,6111,Male
1350,1350,1350,Jon Stewart,6112,Male
1351,1351,1351,Bigas Luna,6113,Male
1352,1352,1352,Ralph Fiennes,6114,Male
1353,1353,1353,Dan Harris,6115,Male
1354,1354,1354,Mel Smith,6116,Male
1355,1355,1355,Bobcat Goldthwait,6117,Male
1356,1356,1356,Jake Scott,6118,Male
1357,1357,1357,Alan Metter,6119,Male
1358,1358,1358,Rafa Lara,6120,Male
1359,1359,1359,Alan Smithee,6121,Male
1360,1360,1360,Michael Meredith,6122,Male
1361,1361,1361,Julio DePietro,6123,Male
1362,1362,1362,Katherine Dieckmann,6124,Female
1363,1363,1363,Kim Farrant,6125,Male
1364,1364,1364,Scott Marshall Smith,6126,Male
1365,1365,1365,Álex de la Iglesia,6127,Male
1366,1366,1366,Andrew Traucki,6128,Male
1367,1367,1367,Michael Clancy,6129,Male
1368,1368,1368,Robert Adetuyi,6130,Male
1369,1369,1369,Kari Skogland,6131,Female
1370,1370,1370,Taedong Park,6132,Male
1371,1371,1371,Benedikt Erlingsson,6133,Male
1372,1372,1372,Gurinder Chadha,6134,Female
1373,1373,1373,Jason Connery,6135,Male
1374,1374,1374,Vic Sarin,6136,Male
1375,1375,1375,Jim Issa,6137,Male
1376,1376,1376,William Phillips,6138,Male
1377,1377,1377,Andy García,6139,Male
1378,1378,1378,Sarik Andreasyan,6140,Male
1379,1379,1379,Julian Gilbey,6141,Male
1380,1380,1380,Gary Sherman,6142,Male
1381,1381,1381,Valeri Milev,6143,Male
1382,1382,1382,Stanley Kramer,6144,Male
1383,1383,1383,Pedro Almodóvar,6145,Male
1384,1384,1384,Gerald Potterton,6146,Male
1385,1385,1385,Anurag Basu,6147,Male
1386,1386,1386,Kriv Stenders,6148,Male
1387,1387,1387,Yash Chopra,6149,Male
1388,1388,1388,Floria Sigismondi,6150,Male
1389,1389,1389,Ferzan Ozpetek,6151,Male
1390,1390,1390,Kris Isacsson,6152,Male
1391,1391,1391,Ben Younger,6153,Male
1392,1392,1392,Daniel Taplitz,6154,Male
1393,1393,1393,Tamara Jenkins,6155,Male
1394,1394,1394,Linda Mendoza,6156,Male
1395,1395,1395,Hart Bochner,6157,Male
1396,1396,1396,Stewart Raffill,6158,Male
1397,1397,1397,Na Hong-jin,6159,Male
1398,1398,1398,Chatrichalerm Yukol,6160,Male
1399,1399,1399,Eric Lavaine,6161,Male
1400,1400,1400,Marc Forby,6162,Male
1401,1401,1401,Ole Christian Madsen,6163,Male
1402,1402,1402,Meiert Avis,6164,Male
1403,1403,1403,André Téchiné,6165,Male
1404,1404,1404,Emily Young,6166,Female
1405,1405,1405,Peter Faiman,6167,Male
1406,1406,1406,Martyn Pick,6168,Male
1407,1407,1407,Roland Suso Richter,6169,Male
1408,1408,1408,Jeremy Sims,6170,Female
1409,1409,1409,Maïwenn,6171,Female
1410,1410,1410,Joby Harold,6172,Male
1411,1411,1411,Ekachai Uekrongtham,6173,Male
1412,1412,1412,Mark Rydell,6174,Male
1413,1413,1413,David E. Talbert,6175,Male
1414,1414,1414,Roger Vadim,6176,Male
1415,1415,1415,Nils Gaup,6177,Male
1416,1416,1416,Ari Sandel,6178,Male
1417,1417,1417,Vondie Curtis-Hall,6179,Male
1418,1418,1418,Tom Elkins,6180,Male
1419,1419,1419,Kang Woo-Suk,6181,Male
1420,1420,1420,John Sayles,6182,Male
1421,1421,1421,Vipul Amrutlal Shah,6183,Male
1422,1422,1422,Ken Loach,6184,Male
1423,1423,1423,Ayan Mukherjee,6185,Male
1424,1424,1424,Mervyn LeRoy,6186,Male
1425,1425,1425,Serdar Akar,6187,Male
1426,1426,1426,James Frawley,6188,Male
1427,1427,1427,Dan Gilroy,6189,Male
1428,1428,1428,Jonathan Dayton,6190,Male
1429,1429,1429,Chris Stokes,6191,Male
1430,1430,1430,Don Siegel,6192,Male
1431,1431,1431,Martin Lawrence,6193,Male
1432,1432,1432,Masayuki Ochiai,6194,Male
1433,1433,1433,Tom Gormican,6195,Male
1434,1434,1434,Ken Shapiro,6196,Male
1435,1435,1435,Justin Tipping,6197,Male
1436,1436,1436,Peter R. Hunt,6198,Male
1437,1437,1437,Doug Atchison,6199,Male
1438,1438,1438,Jonas Elmer,6200,Female
1439,1439,1439,Mary Harron,6201,Female
1440,1440,1440,Erik Canuel,6202,Male
1441,1441,1441,Troy Duffy,6203,Male
1442,1442,1442,Nicole Holofcener,6204,Female
1443,1443,1443,Matty Rich,6205,Male
1444,1444,1444,Fina Torres,6206,Female
1445,1445,1445,François Ozon,6207,Male
1446,1446,1446,Ryan Fleck,6208,Male
1447,1447,1447,Steve James,6209,Male
1448,1448,1448,Michael Winner,6210,Male
1449,1449,1449,Tomm Moore,6211,Male
1450,1450,1450,John Carney,6212,Male
1451,1451,1451,David Jacobson,6213,Male
1452,1452,1452,Michael Corrente,6214,Male
1453,1453,1453,Edward Hall,6215,Male
1454,1454,1454,Keith Gordon,6216,Male
1455,1455,1455,Andrew Currie,6217,Male
1456,1456,1456,Luke Wilson,6218,Male
1457,1457,1457,Marc Schölermann,6219,Female
1458,1458,1458,Coky Giedroyc,6220,Female
1459,1459,1459,Robert Moresco,6221,Male
1460,1460,1460,Thomas Vinterberg,6222,Male
1461,1461,1461,Claudia Llosa,6223,Female
1462,1462,1462,Charles Binamé,6224,Male
1463,1463,1463,Keith Parmer,6225,Male
1464,1464,1464,Ol Parker,6226,Male
1465,1465,1465,James Nunn,6227,Male
1466,1466,1466,David Webb Peoples,6228,Male
1467,1467,1467,Michael Winnick,6229,Male
1468,1468,1468,Stanley Tong,6230,Male
1469,1469,1469,David Oelhoffen,6231,Male
1470,1470,1470,Eli Roth,6232,Male
1471,1471,1471,Tony Richardson,6233,Male
1472,1472,1472,Charles Robert Carner,6234,Male
1473,1473,1473,Russell Holt,6235,Male
1474,1474,1474,Claude Miller,6236,Male
1475,1475,1475,Sacha Bennett,6237,Male
1476,1476,1476,Rodrigo García,6238,Male
1477,1477,1477,Jeta Amata,6239,Male
1478,1478,1478,Siddharth Anand,6240,Male
1479,1479,1479,Vincent Paronnaud,6241,Male
1480,1480,1480,Dennis Gansel,6242,Male
1481,1481,1481,Daniel Barber,6243,Male
1482,1482,1482,Robert Marcarelli,6244,Male
1483,1483,1483,Ernie Barbarash,6245,Male
1484,1484,1484,Guy Hamilton,6246,Male
1485,1485,1485,Adam Brooks,6247,Male
1486,1486,1486,Michael Anderson,6248,Male
1487,1487,1487,James D. Stern,6249,Male
1488,1488,1488,Matt Bettinelli-Olpin,6250,Male
1489,1489,1489,Sharron Miller,6251,Female
1490,1490,1490,Aaron Schneider,6252,Male
1491,1491,1491,Tom Ford,6253,Male
1492,1492,1492,Tony Maylam,6254,Male
1493,1493,1493,Mitch Davis,6255,Male
1494,1494,1494,Kevin Brodie,6256,Male
1495,1495,1495,Lynne Ramsay,6257,Female
1496,1496,1496,John Stephenson,6258,Male
1497,1497,1497,Tim Chambers,6259,Male
1498,1498,1498,Dick Richards,6260,Male
1499,1499,1499,Bob Gosse,6261,Male
1500,1500,1500,Alex Zamm,6262,Male
1501,1501,1501,Spencer Susser,6263,Male
1502,1502,1502,Thaddeus O'Sullivan,6264,Female
1503,1503,1503,Shari Springer Berman,6265,Female
1504,1504,1504,Aleksey German,6266,Male
1505,1505,1505,Stephen Milburn Anderson,6267,Male
1506,1506,1506,Richard E. Grant,6268,Male
1507,1507,1507,David Lam,6269,Male
1508,1508,1508,Vladlen Barbe,6270,Male
1509,1509,1509,Richard Rich,6271,Male
1510,1510,1510,Robert C. Cooper,6272,Male
1511,1511,1511,Kim Nguyen,6273,Male
1512,1512,1512,Jackie Earle Haley,6274,Male
1513,1513,1513,Max Färberböck,6275,Male
1514,1514,1514,Arie Posin,6276,Male
1515,1515,1515,Damian Nieman,6277,Male
1516,1516,1516,Mark Tonderai,6278,Male
1517,1517,1517,Ian Fitzgibbon,6279,Male
1518,1518,1518,Rachel Perkins,6280,Female
1519,1519,1519,Luis Valdez,6281,Male
1520,1520,1520,Alan Alda,6282,Male
1521,1521,1521,Louis Morneau,6283,Male
1522,1522,1522,Caroline Link,6284,Female
1523,1523,1523,Sterling Van Wagenen,6285,Male
1524,1524,1524,Zal Batmanglij,6286,Male
1525,1525,1525,Hans Petter Moland,6287,Male
1526,1526,1526,Oren Moverman,6288,Male
1527,1527,1527,Ian Sharp,6289,Male
1528,1528,1528,Wolfgang Becker,6290,Male
1529,1529,1529,Dan O'Bannon,6291,Male
1530,1530,1530,George Roy Hill,6292,Male
1531,1531,1531,Robert Stevenson,6293,Male
1532,1532,1532,Gary Hardwick,6294,Male
1533,1533,1533,King Vidor,6295,Male
1534,1534,1534,Fred Savage,6296,Male
1535,1535,1535,Sammo Hung,6297,Male
1536,1536,1536,Rusty Cundieff,6298,Male
1537,1537,1537,Dominique Othenin-Girard,6299,Male
1538,1538,1538,Jean-Jacques Mantello,6300,Female
1539,1539,1539,Risa Bramon Garcia,6301,Female
1540,1540,1540,Brian Klugman,6302,Male
1541,1541,1541,Matt Piedmont,6303,Male
1542,1542,1542,Raymond De Felitta,6304,Male
1543,1543,1543,John Michael McDonagh,6305,Male
1544,1544,1544,Deb Hagan,6306,Female
1545,1545,1545,Zach Cregger,6307,Male
1546,1546,1546,Zach Braff,6308,Male
1547,1547,1547,Mark Tarlov,6309,Male
1548,1548,1548,John Cameron Mitchell,6310,Male
1549,1549,1549,Jon Knautz,6311,Male
1550,1550,1550,David Atkins,6312,Male
1551,1551,1551,Patrick Stettner,6313,Male
1552,1552,1552,Sam Peckinpah,6314,Male
1553,1553,1553,Michael Crichton,6315,Male
1554,1554,1554,Sylvio Tabet,6316,Male
1555,1555,1555,Rick Bieber,6317,Male
1556,1556,1556,Joey Lauren Adams,6318,Female
1557,1557,1557,Fred Zinnemann,6319,Male
1558,1558,1558,S.R. Bindler,6320,Male
1559,1559,1559,Greg Marcks,6321,Male
1560,1560,1560,Perry Lang,6322,Male
1561,1561,1561,Jake Goldberger,6323,Male
1562,1562,1562,William Kaufman,6324,Male
1563,1563,1563,Jim O'Hanlon,6325,Male
1564,1564,1564,Cédric Klapisch,6326,Male
1565,1565,1565,Kate Barker-Froyland,6327,Male
1566,1566,1566,Martin Koolhoven,6328,Male
1567,1567,1567,Charles Matthau,6329,Male
1568,1568,1568,Christopher Bessette,6330,Male
1569,1569,1569,Prachya Pinkaew,6331,Male
1570,1570,1570,Gary Sinyor,6332,Male
1571,1571,1571,Ashish R. Mohan,6333,Male
1572,1572,1572,Darren Grant,6334,Male
1573,1573,1573,Joseph Gordon-Levitt,6335,Male
1574,1574,1574,William Sachs,6336,Male
1575,1575,1575,Christophe Barratier,6337,Male
1576,1576,1576,Émile Gaudreault,6338,Male
1577,1577,1577,James Cox,6339,Male
1578,1578,1578,James Toback,6340,Male
1579,1579,1579,Aki Kaurismäki,6341,Male
1580,1580,1580,Hitoshi Matsumoto,6342,Male
1581,1581,1581,Rakeysh Omprakash Mehra,6343,Male
1582,1582,1582,Collin Schiffli,6344,Male
1583,1583,1583,George Ratliff,6345,Male
1584,1584,1584,Shane Meadows,6346,Male
1585,1585,1585,Jon Wright,6347,Male
1586,1586,1586,Michael McGowan,6348,Male
1587,1587,1587,Liv Ullmann,6349,Female
1588,1588,1588,Rohan Sippy,6350,Male
1589,1589,1589,Dan Trachtenberg,6351,Male
1590,1590,1590,David F. Sandberg,6352,Male
1591,1591,1591,Stiles White,6353,Male
1592,1592,1592,Eugenio Derbez,6354,Male
1593,1593,1593,Henry Koster,6355,Male
1594,1594,1594,Patty Jenkins,6356,Female
1595,1595,1595,Christopher B. Landon,6357,Male
1596,1596,1596,David Gelb,6358,Male
1597,1597,1597,Mike Flanagan,6359,Male
1598,1598,1598,Nat Faxon,6360,Male
1599,1599,1599,Doug McHenry,6361,Male
1600,1600,1600,George T. Miller,6362,Male
1601,1601,1601,Maurice Joyce,6363,Male
1602,1602,1602,Robert Duvall,6364,Male
1603,1603,1603,Frank Perry,6365,Male
1604,1604,1604,Jesse Peretz,6366,Male
1605,1605,1605,Ice Cube,6367,Male
1606,1606,1606,Richard Glatzer,6368,Male
1607,1607,1607,Michael Curtiz,6369,Male
1608,1608,1608,Bruce Malmuth,6370,Male
1609,1609,1609,Rob Hedden,6371,Male
1610,1610,1610,Harmony Korine,6372,Male
1611,1611,1611,Joe Chappelle,6373,Male
1612,1612,1612,Mickey Liddell,6374,Male
1613,1613,1613,Fred Walton,6375,Male
1614,1614,1614,Steve Carver,6376,Male
1615,1615,1615,Gonzalo López-Gallego,6377,Male
1616,1616,1616,Christine Jeffs,6378,Female
1617,1617,1617,Don Coscarelli,6379,Male
1618,1618,1618,Michael Tiddes,6380,Male
1619,1619,1619,Bill Duke,6381,Male
1620,1620,1620,Frank Borzage,6382,Male
1621,1621,1621,Mamoru Hosoda,6383,Male
1622,1622,1622,Brian Dannelly,6384,Male
1623,1623,1623,Denys Arcand,6385,Male
1624,1624,1624,J.S. Cardone,6386,Male
1625,1625,1625,Jay Levey,6387,Male
1626,1626,1626,Nicholaus Goossen,6388,Male
1627,1627,1627,Scott Marshall,6389,Male
1628,1628,1628,Ronan Chapalain,6390,Male
1629,1629,1629,Xavier Beauvois,6391,Male
1630,1630,1630,Randall Miller,6392,Male
1631,1631,1631,Jerry Belson,6393,Male
1632,1632,1632,Dan Rush,6394,Male
1633,1633,1633,Michael Cuesta,6395,Male
1634,1634,1634,Fenton Bailey,6396,Male
1635,1635,1635,Jeremy Saulnier,6397,Male
1636,1636,1636,Billy Kent,6398,Male
1637,1637,1637,James Manera,6399,Male
1638,1638,1638,Feroz Abbas Khan,6400,Male
1639,1639,1639,Errol Morris,6401,Male
1640,1640,1640,Dennis Hopper,6402,Male
1641,1641,1641,Eli Craig,6403,Male
1642,1642,1642,Nicholas Fackler,6404,Male
1643,1643,1643,Richard Wallace,6405,Male
1644,1644,1644,Morgan J. Freeman,6406,Male
1645,1645,1645,Matthew Hastings,6407,Male
1646,1646,1646,Klaus Menzel,6408,Male
1647,1647,1647,Oren Peli,6409,Male
1648,1648,1648,Paul Andrew Williams,6410,Male
1649,1649,1649,William H. Macy,6411,Male
1650,1650,1650,Barrett Esposito,6412,Female
1651,1651,1651,Vicky Jewson,6413,Female
1652,1652,1652,Marcia Bennett,6414,Female
1653,1653,1653,Stanton Barrett,6415,Male
1654,1654,1654,Jiří Menzel,6416,Male
1655,1655,1655,Fatih Akin,6417,Male
1656,1656,1656,Nick Murphy ,6418,Male
1657,1657,1657,Frank LaLoggia,6419,Male
1658,1658,1658,Jeremy Brock,6420,Male
1659,1659,1659,Scott Foley,6421,Male
1660,1660,1660,Christophe Ali,6422,Female
1661,1661,1661,Gabriela Tagliavini,6423,Female
1662,1662,1662,Shona Auerbach,6424,Male
1663,1663,1663,Leonard Farlinger,6425,Male
1664,1664,1664,Michel Leclerc,6426,Male
1665,1665,1665,Analeine Cal y Mayor,6427,Male
1666,1666,1666,Tom Kalin,6428,Male
1667,1667,1667,Robert Sarkies,6429,Male
1668,1668,1668,John Huston,6430,Male
1669,1669,1669,Walter Lang,6431,Male
1670,1670,1670,Carlos Saura,6432,Male
1671,1671,1671,Jon Erwin,6433,Male
1672,1672,1672,Beto Gómez,6434,Male
1673,1673,1673,Mike van Diem,6435,Male
1674,1674,1674,Jonas Åkerlund,6436,Male
1675,1675,1675,Todd Solondz,6437,Male
1676,1676,1676,René Féret,6438,Male
1677,1677,1677,Barry Skolnick,6439,Male
1678,1678,1678,Johnnie To,6440,Male
1679,1679,1679,Mateo Gil,6441,Male
1680,1680,1680,Lukas Moodysson,6442,Male
1681,1681,1681,Agnieszka Wojtowicz-Vosloo,6443,Female
1682,1682,1682,Kabir Sadanand,6444,Male
1683,1683,1683,Peter DeLuise,6445,Male
1684,1684,1684,Raja Menon,6446,Male
1685,1685,1685,Kevin Sullivan,6447,Male
1686,1686,1686,Nick Love,6448,Male
1687,1687,1687,Ivan Engler,6449,Male
1688,1688,1688,Cecil B. DeMille,6450,Male
1689,1689,1689,Henry Hobson,6451,Male
1690,1690,1690,Mike Figgis,6452,Male
1691,1691,1691,Duane Journey,6453,Female
1692,1692,1692,Billy Wilder,6454,Female
1693,1693,1693,Lisa Cholodenko,6455,Female
1694,1694,1694,John Sturges,6456,Male
1695,1695,1695,William Arntz,6457,Male
1696,1696,1696,Ed Gass-Donnelly,6458,Male
1697,1697,1697,DJ Pooh,6459,Male
1698,1698,1698,James Melkonian,6460,Male
1699,1699,1699,Roger Avary,6461,Male
1700,1700,1700,Allison Anders,6462,Female
1701,1701,1701,Rick de Oliveira,6463,Male
1702,1702,1702,Jeff Franklin,6464,Male
1703,1703,1703,Mike Mills,6465,Male
1704,1704,1704,Dave McKean,6466,Male
1705,1705,1705,Ron Fricke,6467,Male
1706,1706,1706,Ruggero Deodato,6468,Male
1707,1707,1707,Gavin Wiesen,6469,Male
1708,1708,1708,Mora Stephens,6470,Male
1709,1709,1709,Mars Callahan,6471,Male
1710,1710,1710,Leos Carax,6472,Male
1711,1711,1711,Stefan Schwartz,6473,Male
1712,1712,1712,Robert Lee King,6474,Male
1713,1713,1713,Jorge Ramírez Suárez,6475,Male
1714,1714,1714,Dan Ireland,6476,Male
1715,1715,1715,Fernando León de Aranoa,6477,Male
1716,1716,1716,Jim Mickle,6478,Male
1717,1717,1717,Karim Aïnouz,6479,Male
1718,1718,1718,Sam Levinson,6480,Male
1719,1719,1719,Aleksandr Veledinskiy,6481,Male
1720,1720,1720,Peter H. Hunt,6482,Male
1721,1721,1721,Ruba Nadda,6483,Female
1722,1722,1722,James Whale,6484,Male
1723,1723,1723,Edward Burns,6485,Male
1724,1724,1724,Sean Byrne,6486,Male
1725,1725,1725,Mark Griffiths,6487,Male
1726,1726,1726,Bruce MacDonald,6488,Male
1727,1727,1727,Victor Fleming,6489,Male
1728,1728,1728,Richard Raymond,6490,Male
1729,1729,1729,George Sidney,6491,Male
1730,1730,1730,Chris Morris,6492,Male
1731,1731,1731,Andrucha Waddington,6493,Male
1732,1732,1732,Peter Stebbings,6494,Male
1733,1733,1733,Vincente Minnelli,6495,Male
1734,1734,1734,Dagur Kári,6496,Male
1735,1735,1735,Kevin Carraway,6497,Male
1736,1736,1736,Michael Gornick,6498,Male
1737,1737,1737,Richard Brooks,6499,Male
1738,1738,1738,Robert Eggers,6500,Male
1739,1739,1739,Michael Martin,6501,Male
1740,1740,1740,Gideon Raff,6502,Male
1741,1741,1741,Louis C.K.,6503,Male
1742,1742,1742,Anthony C. Ferrante,6504,Male
1743,1743,1743,Salvador Carrasco,6505,Male
1744,1744,1744,André Øvredal,6506,Male
1745,1745,1745,Robert Cary,6507,Male
1746,1746,1746,Adam Rapp,6508,Male
1747,1747,1747,Warren P. Sonoda,6509,Male
1748,1748,1748,Amanda Gusack,6510,Female
1749,1749,1749,Avi Nesher,6511,Male
1750,1750,1750,Charles Adelman,6512,Male
1751,1751,1751,Jay Oliva,6513,Male
1752,1752,1752,Charles Ferguson,6514,Male
1753,1753,1753,Mark Young,6515,Male
1754,1754,1754,"Daniel Petrie, Jr.",6516,Male
1755,1755,1755,Antonio Simoncini,6517,Male
1756,1756,1756,Luc Jacquet,6518,Male
1757,1757,1757,Eldar Rapaport,6519,Male
1758,1758,1758,Clark Gregg,6520,Male
1759,1759,1759,Damien Chazelle,6521,Male
1760,1760,1760,Justin Kerrigan,6522,Female
1761,1761,1761,Nathan Frankowski,6523,Female
1762,1762,1762,Karen Moncrieff,6524,Female
1763,1763,1763,Jonathan Silverman,6525,Male
1764,1764,1764,Eric Styles,6526,Male
1765,1765,1765,Laurent Cantet,6527,Male
1766,1766,1766,John Ford,6528,Male
1767,1767,1767,Max Mayer,6529,Male
1768,1768,1768,Joshua Marston,6530,Male
1769,1769,1769,John Gulager,6531,Male
1770,1770,1770,Brandon Cronenberg,6532,Male
1771,1771,1771,Frank Capra,6533,Male
1772,1772,1772,Tod Williams,6534,Male
1773,1773,1773,Jack Sholder,6535,Male
1774,1774,1774,Ted Post,6536,Male
1775,1775,1775,Michael Haigney,6537,Male
1776,1776,1776,Tom McLoughlin,6538,Male
1777,1777,1777,Adam Marcus,6539,Male
1778,1778,1778,John Maclean,6540,Male
1779,1779,1779,Benny Boom,6541,Male
1780,1780,1780,Howard Hawks,6542,Female
1781,1781,1781,Nnegest Likké,6543,Female
1782,1782,1782,Christopher Leitch,6544,Male
1783,1783,1783,Patricia Cardoso,6545,Male
1784,1784,1784,Damien O'Donnell,6546,Male
1785,1785,1785,Peter M. Cohen,6547,Male
1786,1786,1786,Mel Stuart,6548,Male
1787,1787,1787,Anthony Hickox,6549,Male
1788,1788,1788,Tom Schulman,6550,Male
1789,1789,1789,Jill Sprecher,6551,Female
1790,1790,1790,Darren Stein,6552,Male
1791,1791,1791,David Nixon,6553,Male
1792,1792,1792,Jason Eisener,6554,Male
1793,1793,1793,Enrique Begné,6555,Male
1794,1794,1794,Matthew Bright,6556,Male
1795,1795,1795,Michael Landon Jr.,6557,Male
1796,1796,1796,Andrea Arnold,6558,Female
1797,1797,1797,Whit Stillman,6559,Male
1798,1798,1798,Leslye Headland,6560,Male
1799,1799,1799,Bobby Roth,6561,Male
1800,1800,1800,Tim Heidecker,6562,Male
1801,1801,1801,Michael Worth,6563,Male
1802,1802,1802,Deon Taylor,6564,Male
1803,1803,1803,Jason Alexander,6565,Male
1804,1804,1804,Conor McPherson,6566,Male
1805,1805,1805,Will Canon,6567,Male
1806,1806,1806,Philip Zlotorynski,6568,Male
1807,1807,1807,Lance Kawas,6569,Male
1808,1808,1808,Francesca Gregorini,6570,Female
1809,1809,1809,Márcio Garcia,6571,Male
1810,1810,1810,Craig Moss,6572,Male
1811,1811,1811,Michael Jai White,6573,Male
1812,1812,1812,Paolo Monico,6574,Male
1813,1813,1813,Youssef Delara,6575,Male
1814,1814,1814,Darin Scott,6576,Male
1815,1815,1815,Christian Sesma,6577,Male
1816,1816,1816,Monte Hellman,6578,Male
1817,1817,1817,Brian Caunter,6579,Male
1818,1818,1818,Chris D'Arienzo,6580,Male
1819,1819,1819,Isaac Florentine,6581,Male
1820,1820,1820,Heidi Ewing,6582,Male
1821,1821,1821,Leon Ford,6583,Male
1822,1822,1822,Hank Braxtan,6584,Male
1823,1823,1823,John Carl Buechler,6585,Male
1824,1824,1824,Rajkumar Hirani,6586,Male
1825,1825,1825,Victor Nunez,6587,Male
1826,1826,1826,Rohit Jugraj,6588,Male
1827,1827,1827,Kresten Vestbjerg Andersen,6589,Male
1828,1828,1828,Alex van Warmerdam,6590,Male
1829,1829,1829,Paweł Pawlikowski,6591,Male
1830,1830,1830,Frank Sebastiano,6592,Male
1831,1831,1831,Stacy Peralta,6593,Male
1832,1832,1832,Nacho Vigalondo,6594,Male
1833,1833,1833,Ning Hao,6595,Male
1834,1834,1834,Tony Giglio,6596,Male
1835,1835,1835,Stanley Donen,6597,Male
1836,1836,1836,Joe Cross,6598,Male
1837,1837,1837,John Sullivan,6599,Male
1838,1838,1838,Tommy Lee Wallace,6600,Male
1839,1839,1839,Don Taylor,6601,Male
1840,1840,1840,Leslie Small,6602,Male
1841,1841,1841,Éric Tessier,6603,Male
1842,1842,1842,Alison Maclean,6604,Female
1843,1843,1843,Alice Wu,6605,Female
1844,1844,1844,Sarah Gavron,6606,Male
1845,1845,1845,James Ponsoldt,6607,Male
1846,1846,1846,Joshua Tickell,6608,Male
1847,1847,1847,Tim Boxell,6609,Male
1848,1848,1848,Michael D. Sellers,6610,Male
1849,1849,1849,Reed Cowan,6611,Male
1850,1850,1850,James Dodson,6612,Male
1851,1851,1851,Alex Rivera,6613,Male
1852,1852,1852,John Murlowski,6614,Male
1853,1853,1853,Benni Diez,6615,Male
1854,1854,1854,Danny Perez,6616,Male
1855,1855,1855,Robby Henson,6617,Male
1856,1856,1856,Zackary Adler,6618,Male
1857,1857,1857,Dominic Burns,6619,Male
1858,1858,1858,Carmen Marron,6620,Male
1859,1859,1859,Jason Stone,6621,Male
1860,1860,1860,Jerry Rees,6622,Male
1861,1861,1861,David Hand,6623,Male
1862,1862,1862,Jaco Booyens,6624,Male
1863,1863,1863,Danny Steinmann,6625,Male
1864,1864,1864,Jon Gunn,6626,Male
1865,1865,1865,Hayley Cloake,6627,Female
1866,1866,1866,Tay Garnett,6628,Male
1867,1867,1867,Shyam Madiraju,6629,Male
1868,1868,1868,Harmage Singh Kalirai,6630,Male
1869,1869,1869,Rita Merson,6631,Male
1870,1870,1870,William Wyler,6632,Male
1871,1871,1871,Larry Clark,6633,Male
1872,1872,1872,Petter Næss,6634,Male
1873,1873,1873,Robert Fontaine,6635,Male
1874,1874,1874,Neil Mcenery-West,6636,Male
1875,1875,1875,Anthony O'Brien,6637,Male
1876,1876,1876,Lloyd Kaufman,6638,Male
1877,1877,1877,David Robert Mitchell,6639,Male
1878,1878,1878,Robert Mulligan,6640,Male
1879,1879,1879,Liu Chia-Liang,6641,Male
1880,1880,1880,Chris Kentis,6642,Male
1881,1881,1881,Alex Kendrick,6643,Male
1882,1882,1882,Robert Rossen,6644,Male
1883,1883,1883,Jack Conway,6645,Male
1884,1884,1884,Sylvain Chomet,6646,Male
1885,1885,1885,Chris Eyre,6647,Male
1886,1886,1886,Elia Kazan,6648,Male
1887,1887,1887,Debra Granik,6649,Female
1888,1888,1888,Henry King,6650,Male
1889,1889,1889,Miranda July,6651,Female
1890,1890,1890,Max Joseph,6652,Male
1891,1891,1891,Jim Jarmusch,6653,Male
1892,1892,1892,Kevin Tenney,6654,Male
1893,1893,1893,Ari Folman,6655,Male
1894,1894,1894,Marielle Heller,6656,Female
1895,1895,1895,David Sington,6657,Male
1896,1896,1896,Kelly Reichardt,6658,Female
1897,1897,1897,Bob Giraldi,6659,Male
1898,1898,1898,Huck Botko,6660,Male
1899,1899,1899,David Duchovny,6661,Male
1900,1900,1900,Mitchell Lichtenstein,6662,Male
1901,1901,1901,Lance Mungia,6663,Male
1902,1902,1902,Hue Rhodes,6664,Male
1903,1903,1903,Danny Provenzano,6665,Male
1904,1904,1904,Bill Muir,6666,Male
1905,1905,1905,Noah Buschel,6667,Male
1906,1906,1906,Brian Yuzna,6668,Male
1907,1907,1907,Hunter Richards,6669,Male
1908,1908,1908,Laurie Collyer,6670,Male
1909,1909,1909,Aaron Hann,6671,Male
1910,1910,1910,Phil Claydon,6672,Male
1911,1911,1911,Ralph Ziman,6673,Male
1912,1912,1912,John Simpson,6674,Male
1913,1913,1913,Colin Minihan,6675,Male
1914,1914,1914,Conor McMahon,6676,Male
1915,1915,1915,Chris Shadley,6677,Male
1916,1916,1916,Simon Napier-Bell,6678,Male
1917,1917,1917,Simon Yin,6679,Male
1918,1918,1918,Jeff Crook,6680,Male
1919,1919,1919,Orson Welles,6681,Male
1920,1920,1920,Dave Payne,6682,Male
1921,1921,1921,Brad Copeland,6683,Male
1922,1922,1922,Paul Bunnell,6684,Male
1923,1923,1923,Phil Morrison,6685,Male
1924,1924,1924,Harald Reinl,6686,Male
1925,1925,1925,Tanner Beard,6687,Male
1926,1926,1926,Scott Dow,6688,Male
1927,1927,1927,Derick Martini,6689,Male
1928,1928,1928,Jerry Dugan,6690,Male
1929,1929,1929,Tim Hunter,6691,Male
1930,1930,1930,Richard Ayoade,6692,Male
1931,1931,1931,Jehane Noujaim,6693,Female
1932,1932,1932,Jean-Marc Barr,6694,Male
1933,1933,1933,Remo D'Souza,6695,Male
1934,1934,1934,John Laing,6696,Male
1935,1935,1935,Jamal Hill,6697,Female
1936,1936,1936,Daniel Stamm,6698,Female
1937,1937,1937,Carlos Carrera,6699,Female
1938,1938,1938,Benh Zeitlin,6700,Female
1939,1939,1939,J. Lee Thompson,6701,Female
1940,1940,1940,Maggie Greenwald,6702,Female
1941,1941,1941,Vera Farmiga,6703,Female
1942,1942,1942,Vijay Chandar,6704,Male
1943,1943,1943,Jonathan Wacks,6705,Male
1944,1944,1944,Khyentse Norbu,6706,Male
1945,1945,1945,Tony Krantz,6707,Male
1946,1946,1946,Mitchell Altieri,6708,Male
1947,1947,1947,W.D. Hogan,6709,Male
1948,1948,1948,Corey Grant,6710,Male
1949,1949,1949,Lucky McKee,6711,Male
1950,1950,1950,Richard Boddington,6712,Male
1951,1951,1951,Steven R. Monroe,6713,Male
1952,1952,1952,Mark Illsley,6714,Male
1953,1953,1953,Ritesh Batra,6715,Female
1954,1954,1954,Sally Potter,6716,Female
1955,1955,1955,Brad J. Silverman,6717,Male
1956,1956,1956,Dave Meyers,6718,Male
1957,1957,1957,David M. Matthews,6719,Male
1958,1958,1958,Nadine Labaki,6720,Female
1959,1959,1959,Lluís Quílez,6721,Male
1960,1960,1960,Eytan Fox,6722,Male
1961,1961,1961,Romesh Sharma,6723,Male
1962,1962,1962,François Truffaut,6724,Male
1963,1963,1963,Adam Goldberg,6725,Male
1964,1964,1964,Travis Zariwny,6726,Female
1965,1965,1965,Adrienne Shelly,6727,Female
1966,1966,1966,Newt Arnold,6728,Male
1967,1967,1967,Alex Cox,6729,Male
1968,1968,1968,Fabián Bielinsky,6730,Male
1969,1969,1969,Dror Moreh,6731,Female
1970,1970,1970,Rebecca Miller,6732,Female
1971,1971,1971,Maggie Carey,6733,Male
1972,1972,1972,Henry Bean,6734,Male
1973,1973,1973,Simeon Rice,6735,Male
1974,1974,1974,Jeff Garlin,6736,Male
1975,1975,1975,Qasim Basir,6737,Male
1976,1976,1976,Adam Green,6738,Male
1977,1977,1977,Charlie Chaplin,6739,Male
1978,1978,1978,Pete Jones,6740,Male
1979,1979,1979,Bruce Campbell,6741,Male
1980,1980,1980,Adam Carolla,6742,Male
1981,1981,1981,Bruce McDonald,6743,Male
1982,1982,1982,James Mottern,6744,Male
1983,1983,1983,Gerard Johnstone,6745,Male
1984,1984,1984,Robert Greenwald,6746,Male
1985,1985,1985,David Ray,6747,Male
1986,1986,1986,David Rodriguez,6748,Male
1987,1987,1987,Nae Caranfil,6749,Male
1988,1988,1988,David Winning,6750,Male
1989,1989,1989,Frank Lotito,6751,Female
1990,1990,1990,Timothy Woodward Jr.,6752,Female
1991,1991,1991,Tara Subkoff,6753,Female
1992,1992,1992,Russell Friedenberg,6754,Male
1993,1993,1993,Lucrecia Martel,6755,Male
1994,1994,1994,Edward Dmytryk,6756,Male
1995,1995,1995,Zak Penn,6757,Male
1996,1996,1996,Alex Ranarivelo,6758,Male
1997,1997,1997,Mathieu Amalric,6759,Male
1998,1998,1998,David Worth,6760,Male
1999,1999,1999,Leslie H. Martinson,6761,Male
2000,2000,2000,Robert M. Young,6762,Male
2001,2001,2001,Steve Buscemi,6763,Male
2002,2002,2002,Ham Tran,6764,Male
2003,2003,2003,Rich Cowan,6765,Male
2004,2004,2004,Boris Rodriguez,6766,Male
2005,2005,2005,Sadyk Sher-Niyaz,6767,Male
2006,2006,2006,Paul Donovan,6768,Male
2007,2007,2007,Jonathan Kesselman,6769,Male
2008,2008,2008,Arjun Sablok,6770,Male
2009,2009,2009,Tyler Oliver,6771,Male
2010,2010,2010,Douglas Cheek,6772,Male
2011,2011,2011,Michael D. Olmos,6773,Male
2012,2012,2012,Deryck Broom,6774,Male
2013,2013,2013,Henry Hathaway,6775,Male
2014,2014,2014,Giovanni Zelko,6776,Male
2015,2015,2015,Claudia Sainte-Luce,6777,Female
2016,2016,2016,Jamie Babbit,6778,Female
2017,2017,2017,David Boyd,6779,Male
2018,2018,2018,Anna Muylaert,6780,Female
2019,2019,2019,Steve Taylor,6781,Male
2020,2020,2020,James David Pasternak,6782,Male
2021,2021,2021,Laurent Bouhnik,6783,Male
2022,2022,2022,Tom Sanchez,6784,Male
2023,2023,2023,David Caffrey,6785,Male
2024,2024,2024,Adam Jay Epstein,6786,Male
2025,2025,2025,Justin Thomas Ostensen,6787,Male
2026,2026,2026,Ossie Davis,6788,Male
2027,2027,2027,Jay Alaimo,6789,Male
2028,2028,2028,Dylan Bank,6790,Male
2029,2029,2029,Rob McKittrick,6791,Male
2030,2030,2030,Jeff Burr,6792,Male
2031,2031,2031,Guy Maddin,6793,Male
2032,2032,2032,Regardt van den Bergh,6794,Male
2033,2033,2033,Panos Cosmatos,6795,Male
2034,2034,2034,Gareth Evans,6796,Male
2035,2035,2035,Matthew R. Anderson,6797,Male
2036,2036,2036,Joe Marino,6798,Male
2037,2037,2037,Joel Anderson,6799,Male
2038,2038,2038,Shimit Amin,6800,Male
2039,2039,2039,Douglas Trumbull,6801,Male
2040,2040,2040,Mona Lerche,6802,Female
2041,2041,2041,Levan Gabriadze,6803,Male
2042,2042,2042,Bradley Parker,6804,Male
2043,2043,2043,Clive Barker,6805,Male
2044,2044,2044,Harold Cronk,6806,Male
2045,2045,2045,Takao Okawara,6807,Male
2046,2046,2046,Duncan Tucker,6808,Male
2047,2047,2047,Russ Meyer,6809,Male
2048,2048,2048,Robert D. Webb,6810,Male
2049,2049,2049,Allan Dwan,6811,Male
2050,2050,2050,Andrew Steggall,6812,Male
2051,2051,2051,Ben Lewin,6813,Male
2052,2052,2052,Robert Kenner,6814,Male
2053,2053,2053,Andrew Erwin,6815,Male
2054,2054,2054,Craig Johnson,6816,Male
2055,2055,2055,Sean Durkin,6817,Male
2056,2056,2056,Gillian Robespierre,6818,Female
2057,2057,2057,Courtney Hunt,6819,Female
2058,2058,2058,Morgan Neville,6820,Male
2059,2059,2059,Chris Paine,6821,Male
2060,2060,2060,Greg Berlanti,6822,Male
2061,2061,2061,Marc Levin,6823,Male
2062,2062,2062,Richard Dutcher,6824,Male
2063,2063,2063,Khalid Mohammed,6825,Male
2064,2064,2064,Gia Coppola,6826,Male
2065,2065,2065,Scandar Copti,6827,Male
2066,2066,2066,Goran Dukic,6828,Male
2067,2067,2067,Mike Cahill,6829,Male
2068,2068,2068,Kyle Rankin,6830,Male
2069,2069,2069,Joshua Oppenheimer,6831,Male
2070,2070,2070,Alex Gibney,6832,Male
2071,2071,2071,Paul Crowder,6833,Male
2072,2072,2072,Rohit Jagessar,6834,Male
2073,2073,2073,Anthony Powell,6835,Male
2074,2074,2074,Kief Davidson,6836,Male
2075,2075,2075,Johnny Remo,6837,Male
2076,2076,2076,Vivek Agnihotri,6838,Male
2077,2077,2077,Ti West,6839,Male
2078,2078,2078,Nick Tomnay,6840,Male
2079,2079,2079,Nickolas Perry,6841,Male
2080,2080,2080,Dan Zukovic,6842,Male
2081,2081,2081,Becky Smith,6843,Male
2082,2082,2082,Eric Nicholas,6844,Male
2083,2083,2083,Benjamin Dickinson,6845,Male
2084,2084,2084,Hal Haberman,6846,Male
2085,2085,2085,Frank Whaley,6847,Male
2086,2086,2086,Amat Escalante,6848,Female
2087,2087,2087,Katherine Brooks,6849,Female
2088,2088,2088,David Cross,6850,Male
2089,2089,2089,Randall Rubin,6851,Female
2090,2090,2090,Robert Bennett,6852,Female
2091,2091,2091,Mary Pat Kelly,6853,Female
2092,2092,2092,Lori Petty,6854,Female
2093,2093,2093,Charlie Levi,6855,Male
2094,2094,2094,Kevin Hamedani,6856,Male
2095,2095,2095,David DeCoteau,6857,Male
2096,2096,2096,Mikel Rueda,6858,Male
2097,2097,2097,Stefan C. Schaefer,6859,Male
2098,2098,2098,Michael Taliferro,6860,Male
2099,2099,2099,Katie Aselton,6861,Female
2100,2100,2100,Robert Heath,6862,Male
2101,2101,2101,D. Stevens,6863,Male
2102,2102,2102,Jeffrey St. Jules,6864,Male
2103,2103,2103,Robert Hall,6865,Male
2104,2104,2104,Kevin King,6866,Male
2105,2105,2105,Jonathan Meyers,6867,Male
2106,2106,2106,Ralph Nelson,6868,Male
2107,2107,2107,Blair Erickson,6869,Female
2108,2108,2108,Allison Burnett,6870,Female
2109,2109,2109,Richard Schenkman,6871,Male
2110,2110,2110,Sanjay Rawal,6872,Male
2111,2111,2111,Kat Coiro,6873,Male
2112,2112,2112,Cristian Mungiu,6874,Male
2113,2113,2113,Joseph Graham,6875,Female
2114,2114,2114,Maryam Keshavarz,6876,Female
2115,2115,2115,Ramaa Mosley,6877,Male
2116,2116,2116,C. Jay Cox,6878,Male
2117,2117,2117,Mariette Monpierre,6879,Male
2118,2118,2118,Tommy Oliver,6880,Male
2119,2119,2119,Jamie Travis,6881,Male
2120,2120,2120,Rich Christiano,6882,Male
2121,2121,2121,Natalie Bible',6883,Male
2122,2122,2122,Asghar Farhadi,6884,Male
2123,2123,2123,Justin Molotnikov,6885,Male
2124,2124,2124,G.W. Pabst,6886,Male
2125,2125,2125,Jorge Gaggero,6887,Male
2126,2126,2126,Michael Burke,6888,Male
2127,2127,2127,Catherine Jelski,6889,Female
2128,2128,2128,Shane Dawson,6890,Male
2129,2129,2129,Ryan Little,6891,Male
2130,2130,2130,Clark Baker,6892,Male
2131,2131,2131,Dave Willis,6893,Male
2132,2132,2132,Ben Wheatley,6894,Male
2133,2133,2133,Olly Blackburn,6895,Male
2134,2134,2134,Christopher Hutson,6896,Male
2135,2135,2135,David LaChapelle,6897,Male
2136,2136,2136,Caryn Waechter,6898,Male
2137,2137,2137,Emily Dell,6899,Male
2138,2138,2138,Valerie Red-Horse,6900,Male
2139,2139,2139,Christopher Scott Cherot,6901,Male
2140,2140,2140,H.M. Coakley,6902,Male
2141,2141,2141,Randy Moore,6903,Male
2142,2142,2142,Chris Atkins,6904,Male
2143,2143,2143,Bill Benenson,6905,Male
2144,2144,2144,Ryan Smith,6906,Male
2145,2145,2145,Travis Romero,6907,Male
2146,2146,2146,Anna Mastro,6908,Male
2147,2147,2147,Mark Sandrich,6909,Male
2148,2148,2148,Daniel Myrick,6910,Male
2149,2149,2149,Michael Wadleigh,6911,Male
2150,2150,2150,Gene Teigland,6912,Male
2151,2151,2151,Scott Ziehl,6913,Male
2152,2152,2152,Richard Montoya,6914,Male
2153,2153,2153,Johanna Schwartz,6915,Male
2154,2154,2154,Thomas Lilti,6916,Male
2155,2155,2155,Michael Walker,6917,Male
2156,2156,2156,U. Roberto Romano,6918,Female
2157,2157,2157,Amy Holden Jones,6919,Female
2158,2158,2158,Blaž Završnik,6920,Male
2159,2159,2159,Pan Nalin,6921,Male
2160,2160,2160,Joe Camp,6922,Male
2161,2161,2161,Matt Walsh,6923,Male
2162,2162,2162,John 'Bud' Cardos,6924,Female
2163,2163,2163,Marilyn Agrelo,6925,Female
2164,2164,2164,Brian Baugh,6926,Male
2165,2165,2165,Patrick Creadon,6927,Male
2166,2166,2166,Barry W. Blaustein,6928,Male
2167,2167,2167,Kurt Hale,6929,Male
2168,2168,2168,Siddiq Barmak,6930,Male
2169,2169,2169,Joseph Dorman,6931,Male
2170,2170,2170,Greg Harrison,6932,Male
2171,2171,2171,Jacob Aaron Estes,6933,Male
2172,2172,2172,Eric Schaeffer,6934,Male
2173,2173,2173,Neema Barnette,6935,Female
2174,2174,2174,Joe Swanberg,6936,Male
2175,2175,2175,Molly Bernstein,6937,Male
2176,2176,2176,Marius Markevicius,6938,Male
2177,2177,2177,Tom DiCillo,6939,Male
2178,2178,2178,Quentin Dupieux,6940,Male
2179,2179,2179,Alex Smith,6941,Male
2180,2180,2180,Gareth Edwards,6942,Male
2181,2181,2181,Jonathan Parker,6943,Male
2182,2182,2182,Sol Tryon,6944,Male
2183,2183,2183,Alex Craig Mann,6945,Male
2184,2184,2184,Stephen Kijak,6946,Male
2185,2185,2185,William Gazecki,6947,Male
2186,2186,2186,Michael Hoffman Jr.,6948,Male
2187,2187,2187,Georgia Hilton,6949,Male
2188,2188,2188,Jack Heller,6950,Male
2189,2189,2189,Fernando Baez Mella,6951,Male
2190,2190,2190,Warren Sheppard,6952,Male
2191,2191,2191,Justin Paul Miller,6953,Male
2192,2192,2192,Joel Paul Reisig,6954,Male
2193,2193,2193,Catherine Gund,6955,Male
2194,2194,2194,Hans Canosa,6956,Male
2195,2195,2195,Matthew Watts,6957,Male
2196,2196,2196,Lloyd Bacon,6958,Male
2197,2197,2197,Kay Pollak,6959,Male
2198,2198,2198,Eric England,6960,Male
2199,2199,2199,Sue Corcoran,6961,Male
2200,2200,2200,Jonathan Caouette,6962,Male
2201,2201,2201,Matt Jackson,6963,Male
2202,2202,2202,Lucio Fulci,6964,Male
2203,2203,2203,Paul Fox,6965,Male
2204,2204,2204,Cassandra Nicolaou,6966,Male
2205,2205,2205,Ingmar Bergman,6967,Male
2206,2206,2206,D.W. Griffith,6968,Male
2207,2207,2207,Roger Nygard,6969,Male
2208,2208,2208,Harry Beaumont,6970,Male
2209,2209,2209,Franck Khalfoun,6971,Male
2210,2210,2210,Mor Loushy,6972,Male
2211,2211,2211,Henry Alex Rubin,6973,Male
2212,2212,2212,Sam Firstenberg,6974,Male
2213,2213,2213,Doug Block,6975,Male
2214,2214,2214,Chad Kapper,6976,Male
2215,2215,2215,Paul Fierlinger,6977,Male
2216,2216,2216,Yorgos Lanthimos,6978,Male
2217,2217,2217,Lauren Lazin,6979,Male
2218,2218,2218,Gregory Widen,6980,Male
2219,2219,2219,Niall Johnson,6981,Male
2220,2220,2220,Eric Mendelsohn,6982,Male
2221,2221,2221,Jean-Luc Godard,6983,Male
2222,2222,2222,Kim Longinotto,6984,Male
2223,2223,2223,Michael Roemer,6985,Male
2224,2224,2224,Eddie O'Flaherty,6986,Male
2225,2225,2225,Babar Ahmed,6987,Male
2226,2226,2226,John D. Hancock,6988,Male
2227,2227,2227,Paul Bartel,6989,Male
2228,2228,2228,Jason Marsden,6990,Male
2229,2229,2229,Pece Dingo,6991,Male
2230,2230,2230,Jerome Elston Scott,6992,Male
2231,2231,2231,Étienne Faure,6993,Male
2232,2232,2232,Herb Freed,6994,Male
2233,2233,2233,Jack Perez,6995,Female
2234,2234,2234,Craig Zobel,6996,Female
2235,2235,2235,Maria Maggenti,6997,Female
2236,2236,2236,Piyush Dinker Pandya,6998,Male
2237,2237,2237,Emma-Kate Croghan,6999,Male
2238,2238,2238,Bill Plympton,7000,Male
2239,2239,2239,Drake Doremus,7001,Male
2240,2240,2240,Michael Kang,7002,Female
2241,2241,2241,Lori Silverbush,7003,Female
2242,2242,2242,Stuart Hazeldine,7004,Female
2243,2243,2243,Hilary Brougher,7005,Female
2244,2244,2244,Rachel Goldenberg,7006,Male
2245,2245,2245,Corbin Bernsen,7007,Male
2246,2246,2246,Jamin Winans,7008,Male
2247,2247,2247,Tom Seidman ,7009,Male
2248,2248,2248,Matt Cimber,7010,Male
2249,2249,2249,Andrew Hyatt,7011,Male
2250,2250,2250,Kristin Rizzo,7012,Male
2251,2251,2251,Zoran Lisinac,7013,Male
2252,2252,2252,James O'Brien,7014,Male
2253,2253,2253,Tom Putnam,7015,Male
2254,2254,2254,Jon Matthews,7016,Male
2255,2255,2255,Al Silliman Jr.,7017,Male
2256,2256,2256,Eugène Lourié,7018,Male
2257,2257,2257,Lowell Sherman,7019,Male
2258,2258,2258,David Evans ,7020,Male
2259,2259,2259,Sherman Alexie,7021,Male
2260,2260,2260,Justin Dillon,7022,Male
2261,2261,2261,Stevan Mena,7023,Male
2262,2262,2262,Livingston Oden,7024,Male
2263,2263,2263,Chris Marker,7025,Male
2264,2264,2264,Carl Theodor Dreyer,7026,Male
2265,2265,2265,Marianna Palka,7027,Female
2266,2266,2266,Ricki Stern,7028,Female
2267,2267,2267,Nadia Tass,7029,Male
2268,2268,2268,James Kerwin,7030,Male
2269,2269,2269,Darren Press,7031,Male
2270,2270,2270,Rania Attieh,7032,Male
2271,2271,2271,Sharon Greytak,7033,Male
2272,2272,2272,Majid Majidi,7034,Male
2273,2273,2273,Andrew Haigh,7035,Male
2274,2274,2274,Cary Bell,7036,Male
2275,2275,2275,Nicolae Constantin Tanase,7037,Male
2276,2276,2276,Melvin Van Peebles,7038,Male
2277,2277,2277,Ken Roht,7039,Male
2278,2278,2278,Robinson Devor,7040,Male
2279,2279,2279,Michel O. Scott,7041,Male
2280,2280,2280,Pat Holden,7042,Male
2281,2281,2281,Eric Bugbee,7043,Male
2282,2282,2282,Bill Melendez,7044,Male
2283,2283,2283,Dena Seidel,7045,Female
2284,2284,2284,Deborah Anderson,7046,Female
2285,2285,2285,Sara Newens,7047,Female
2286,2286,2286,Sai Varadan,7048,Female
2287,2287,2287,Lynn Shelton,7049,Female
2288,2288,2288,David Hewlett,7050,Male
2289,2289,2289,Nate Parker,7051,Male
2290,2290,2290,Nathan Smith Jones,7052,Male
2291,2291,2291,Travis Cluff,7053,Male
2292,2292,2292,Robert Townsend,7054,Male
2293,2293,2293,Jamaa Fanaka,7055,Male
2294,2294,2294,Larry Blamire,7056,Male
2295,2295,2295,Stephen Langford,7057,Male
2296,2296,2296,E.L. Katz,7058,Male
2297,2297,2297,Lisanne Pajot,7059,Male
2298,2298,2298,Dan Reed,7060,Male
2299,2299,2299,John Reinhardt,7061,Male
2300,2300,2300,Patrick Ryan Sims,7062,Male
2301,2301,2301,László Benedek,7063,Male
2302,2302,2302,Jason Miller,7064,Female
2303,2303,2303,Sut Jhally,7065,Female
2304,2304,2304,Julie Davis,7066,Female
2305,2305,2305,Myles Berkowitz,7067,Male
2306,2306,2306,Brett Piper,7068,Male
2307,2307,2307,Brandon Trost,7069,Male
2308,2308,2308,Joseph Green,7070,Male
2309,2309,2309,Wade Gasque,7071,Male
2310,2310,2310,Daniel Schechter,7072,Male
2311,2311,2311,Matt Johnson,7073,Male
2312,2312,2312,Bruno Barreto,7074,Male
2313,2313,2313,Lena Dunham,7075,Female
2314,2314,2314,Terron R. Parsons,7076,Male
2315,2315,2315,Daniel Mellitz,7077,Male
2316,2316,2316,Jem Cohen,7078,Male
2317,2317,2317,Andrew Leman,7079,Male
2318,2318,2318,Dave Carroll,7080,Male
2319,2319,2319,William Eubank,7081,Male
2320,2320,2320,Patrick Meaney,7082,Male
2321,2321,2321,Chad Hartigan,7083,Male
2322,2322,2322,Malcolm Goodwin,7084,Male
2323,2323,2323,Kevin Jordan,7085,Male
2324,2324,2324,Kirk Loudon,7086,Male
2325,2325,2325,Travis Legge,7087,Male
2326,2326,2326,Collin Joseph Neal,7088,Male
2327,2327,2327,Bradley Rust Gray,7089,Male
2328,2328,2328,Mike Bruce,7090,Male
2329,2329,2329,Andrew Bujalski,7091,Male
2330,2330,2330,Damir Catic,7092,Male
2331,2331,2331,James Bidgood,7093,Male
2332,2332,2332,Eric Eason,7094,Male
2333,2333,2333,Joseph Mazzella,7095,Male
2334,2334,2334,Marcus Nispel,7096,Male
2335,2335,2335,Jim Chuchu,7097,Male
2336,2336,2336,Daryl Wein,7098,Male
2337,2337,2337,Jason Trost,7099,Male
2338,2338,2338,Jafar Panahi,7100,Male
2339,2339,2339,Ivan Kavanagh,7101,Male
2340,2340,2340,Kiyoshi Kurosawa,7102,Male
2341,2341,2341,Tadeo Garcia,7103,Male
2342,2342,2342,Thomas L. Phillips,7104,Male
2343,2343,2343,Ash Baron-Cohen,7105,Male
2344,2344,2344,Shane Carruth,7106,Male
2345,2345,2345,Neill Dela Llana,7107,Male
2346,2346,2346,Scott Smith,7108,Male
2347,2347,2347,Daniel Hsia,7109,Male
2348,2348,2348,Brian Herzlinger,7110,Male
